timestamp,temp,throttled,clock_mhz,watts,cpu,ram,swap
1773022038.4466207,54.9,0x80000,2000.02,2.69,4.5,0.88,740.76
1773022038.5951724,53.8,0x80000,1900.02,2.923,18.6,0.89,739.26
1773022038.744711,54.3,0x80000,1700.02,2.811,6.8,0.89,739.26
1773022038.8954124,53.8,0x80000,1700.02,3.126,5.1,0.89,739.26
1773022039.0459106,55.4,0x80000,1700.01,2.681,6.7,0.89,739.26
1773022039.1943367,53.8,0x80000,1900.02,2.698,6.8,0.89,739.01
1773022039.3416846,54.3,0x80000,1600.02,2.682,5.3,0.89,739.21
1773022039.4917529,53.2,0x80000,1600.01,3.266,14.3,0.88,739.34
1773022039.6386878,53.8,0x80000,1600.01,3.212,3.6,0.89,739.34
1773022039.7895124,53.2,0x80000,1700.02,2.718,6.7,0.88,739.34
1773022039.9362164,52.7,0x80000,1600.02,2.793,8.6,0.88,739.09
1773022040.083012,53.8,0x80000,1600.02,2.841,6.9,0.88,739.09
1773022040.2298906,54.9,0x80000,1600.02,2.619,5.2,0.88,739.09
1773022040.3776422,53.8,0x80000,1600.02,2.874,6.8,0.88,739.09
1773022040.52466,54.3,0x80000,1600.01,2.705,8.6,0.88,739.09
1773022040.6714787,53.8,0x80000,1600.02,4.403,12.3,0.87,739.09
1773022040.816939,53.8,0x80000,1800.02,2.869,8.5,0.88,739.09
1773022040.967885,53.8,0x80000,1700.02,2.555,8.2,0.88,739.09
1773022041.1148467,54.9,0x80000,1600.01,2.592,3.6,0.88,739.09
1773022041.2647011,54.9,0x80000,1700.03,2.831,9.7,0.88,738.84
1773022041.4151614,54.9,0x80000,1700.02,2.801,6.7,0.88,738.84
1773022041.5636735,54.9,0x80000,1600.02,2.85,29.3,0.88,738.84
1773022041.712043,54.9,0x80000,1600.01,2.604,35.6,0.88,738.84
1773022041.8602412,54.9,0x80000,2400.02,3.344,46.6,0.88,738.84
1773022042.0160394,57.1,0x80000,2400.02,5.985,93.5,0.88,738.59
1773022042.1644247,57.6,0x80000,1700.02,2.61,35.6,0.88,738.59
1773022042.3074508,54.9,0x80000,2400.03,4.045,41.4,0.87,741.82
1773022042.4495282,57.1,0x80000,2400.03,5.255,31.6,0.86,750.57
1773022042.5915313,56.0,0x80000,2400.03,3.872,31.6,0.85,761.73
1773022042.73356,56.0,0x80000,2400.03,3.749,40.4,0.85,772.23
1773022042.8755214,56.0,0x80000,2400.03,3.781,40.0,0.85,780.88
1773022043.0287309,56.0,0x80000,2400.03,3.989,34.4,0.85,792.61
1773022043.1815968,55.4,0x80000,2400.02,3.691,30.0,0.85,801.9
1773022043.3304262,57.1,0x80000,1800.02,2.536,10.0,0.86,801.9
1773022043.478553,55.4,0x80000,1600.01,2.683,6.8,0.86,801.9
1773022043.628044,54.9,0x80000,1700.02,2.777,6.6,0.87,801.9
1773022043.778774,54.9,0x80000,1700.02,2.567,6.8,0.87,801.9
1773022043.9288714,55.4,0x80000,1700.02,2.848,5.2,0.87,801.9
1773022044.0797687,56.0,0x80000,1700.02,2.7,9.7,0.82,801.9
1773022044.2256274,54.9,0x80000,1800.03,2.909,13.8,0.82,801.65
1773022044.3728125,54.9,0x80000,1700.02,3.219,6.8,0.83,801.65
1773022044.5206585,56.0,0x80000,1700.02,2.885,6.8,0.83,801.4
1773022044.671815,56.0,0x80000,1800.02,2.618,8.2,0.83,801.4
1773022044.8206694,53.8,0x80000,1900.03,4.009,13.6,0.84,801.15
1773022044.9691997,54.9,0x80000,1600.02,2.877,17.9,0.82,800.9
1773022045.1161294,54.3,0x80000,1700.02,2.866,8.8,0.82,800.9
1773022045.2670052,54.3,0x80000,1700.01,2.63,8.1,0.83,800.9
1773022045.4167566,53.8,0x80000,1700.02,3.055,6.8,0.83,800.9
1773022045.5665307,54.3,0x80000,1700.02,2.667,6.7,0.83,800.9
1773022045.7137842,53.8,0x80000,1700.01,2.802,5.2,0.83,800.9
1773022045.8580601,53.8,0x80000,1700.03,2.801,8.6,0.82,800.9
1773022046.0066884,54.3,0x80000,1700.01,2.585,6.8,0.83,800.65
1773022046.156206,56.0,0x80000,1700.02,2.551,6.9,0.83,800.65
1773022046.3003712,54.3,0x80000,1700.02,3.033,7.0,0.83,800.65
1773022046.4499214,53.8,0x80000,1700.02,2.998,5.1,0.83,800.65
1773022046.6012552,54.3,0x80000,1700.02,2.808,8.2,0.83,800.65
1773022046.7496457,53.8,0x80000,1700.02,2.55,8.3,0.83,800.65
1773022046.8986766,53.8,0x80000,2100.03,4.169,15.0,0.82,800.65
1773022047.0457885,54.3,0x80000,1600.02,2.655,5.3,0.82,800.65
1773022047.1927416,54.3,0x80000,1600.02,2.545,6.7,0.82,800.4
1773022047.341164,53.8,0x80000,1700.01,2.716,5.3,0.82,800.4
1773022047.4919314,55.4,0x80000,1700.02,2.549,6.6,0.82,800.4
1773022047.642286,54.3,0x80000,1700.02,2.659,6.8,0.83,800.4
1773022047.7892053,54.3,0x80000,1600.02,2.765,6.8,0.83,800.4
1773022047.939831,53.8,0x80000,1700.03,2.655,8.3,0.83,800.4
1773022048.0870569,55.4,0x80000,1600.02,2.725,6.8,0.82,800.4
1773022048.2339244,54.3,0x80000,1600.01,2.612,12.1,0.82,800.4
1773022048.3804538,53.8,0x80000,1700.02,2.723,6.8,0.82,800.4
1773022048.5273788,54.9,0x80000,1600.02,2.615,6.9,0.82,800.4
1773022048.6748636,54.3,0x80000,1600.02,2.835,6.8,0.82,800.4
1773022048.82214,55.4,0x80000,1600.02,2.561,8.6,0.83,800.15
1773022048.9718375,53.8,0x80000,1700.02,2.575,8.2,0.83,800.15
1773022049.1224174,53.8,0x80000,1700.02,2.928,6.7,0.83,800.15
1773022049.271667,53.8,0x80000,1900.02,3.817,16.7,0.82,800.65
1773022049.4186234,54.3,0x80000,1500.02,3.228,10.3,0.83,800.65
1773022049.5662348,53.8,0x80000,1700.01,2.635,6.8,0.83,800.65
1773022049.7180703,55.4,0x80000,1700.01,5.364,20.0,0.83,800.65
1773022049.8651054,54.9,0x80000,1600.02,2.552,10.0,0.83,800.65
1773022050.0120142,54.9,0x80000,1600.02,2.601,15.5,0.83,800.65
1773022050.1598706,53.8,0x80000,1700.02,2.635,5.2,0.83,800.65
1773022050.3096302,53.2,0x80000,2200.02,3.689,11.7,0.82,800.9
1773022050.4598489,54.3,0x80000,1700.02,3.226,5.1,0.82,800.9
1773022050.6030939,54.3,0x80000,2400.03,2.939,17.2,0.82,801.65
1773022050.7522295,53.8,0x80000,2200.02,4.005,12.1,0.82,803.15
1773022050.9008925,53.8,0x80000,1700.02,3.887,13.3,0.82,803.88
1773022051.0480566,54.3,0x80000,1600.01,2.989,6.9,0.82,804.13
1773022051.3819332,54.9,0x80000,2400.02,3.028,11.4,0.82,806.32
1773022051.5312068,55.4,0x80000,1700.02,2.913,6.8,0.82,806.32
1773022051.6779213,55.4,0x80000,1600.02,3.761,10.3,0.81,806.32
1773022051.8247352,53.8,0x80000,1600.02,2.77,10.2,0.81,806.32
1773022051.973918,54.3,0x80000,1800.02,2.717,11.9,0.81,806.32
1773022052.121695,53.8,0x80000,1700.02,2.618,5.2,0.81,806.32
1773022052.2695951,54.3,0x80000,1700.01,3.082,8.5,0.82,805.82
1773022052.419725,53.8,0x80000,1700.02,2.654,11.7,0.81,805.82
1773022052.5666354,52.7,0x80000,1700.02,2.692,5.1,0.82,805.82
1773022052.7133431,53.2,0x80000,1600.02,3.102,5.2,0.82,805.82
1773022052.8607569,53.8,0x80000,1700.02,2.753,10.3,0.81,805.82
1773022053.007801,54.9,0x80000,1600.02,3.158,6.9,0.82,805.82
1773022053.157571,54.9,0x80000,1700.02,2.781,5.1,0.82,805.82
1773022053.3077474,53.8,0x80000,1700.01,2.808,6.6,0.82,805.82
1773022053.4573305,55.4,0x80000,1700.02,2.814,5.2,0.82,805.82
1773022053.6041076,53.8,0x80000,1600.02,2.647,5.2,0.82,805.82
1773022053.7522888,53.8,0x80000,1600.01,3.007,5.1,0.82,805.82
1773022053.899504,53.8,0x80000,1700.02,2.53,8.5,0.82,805.82
1773022054.0477836,53.8,0x80000,2000.02,4.722,13.3,0.81,805.82
1773022054.19467,55.4,0x80000,1600.02,2.643,5.1,0.82,805.82
1773022054.3415294,53.8,0x80000,1600.02,2.621,8.5,0.82,805.82
1773022054.487689,52.7,0x80000,1600.02,2.626,3.5,0.81,805.82
1773022054.636852,55.4,0x80000,1700.02,2.808,6.8,0.82,805.82
1773022054.7848911,54.9,0x80000,1600.01,2.603,6.8,0.82,805.82
1773022054.9357855,53.8,0x80000,1700.02,3.208,5.0,0.82,805.82
1773022055.0861013,53.2,0x80000,1700.02,2.61,5.1,0.82,805.57
1773022055.233051,53.8,0x80000,1600.02,2.781,6.8,0.82,805.57
1773022055.3814726,53.2,0x80000,1600.02,3.459,11.9,0.81,805.57
1773022055.5283833,53.2,0x80000,1600.02,2.633,6.9,0.81,805.57
1773022055.6780698,53.8,0x80000,1700.02,2.6,6.7,0.81,805.57
1773022055.8275707,54.9,0x80000,1600.02,3.066,8.6,0.82,805.57
1773022055.973635,53.8,0x80000,1700.03,3.071,5.2,0.82,805.57
1773022056.1205187,53.8,0x80000,1700.01,3.437,5.3,0.82,805.57
1773022056.2677197,53.8,0x80000,1600.02,2.597,6.8,0.82,805.57
1773022056.4182093,54.9,0x80000,1700.02,2.732,6.8,0.82,805.57
1773022056.5664706,54.3,0x80000,2300.03,2.961,11.7,0.81,805.57
1773022056.7157824,53.2,0x80000,1700.02,2.557,5.1,0.82,805.32
1773022056.863786,54.3,0x80000,1600.02,2.214,5.2,0.82,805.32
1773022057.01309,54.9,0x80000,1700.02,2.336,10.2,0.82,805.32
1773022057.1628945,53.8,0x80000,1700.03,2.235,6.7,0.82,805.07
1773022057.3096595,53.8,0x80000,1600.02,2.274,5.3,0.82,805.07
1773022057.4568982,53.2,0x80000,1700.01,2.656,5.2,0.82,804.82
1773022057.606748,53.2,0x80000,1700.02,3.011,8.3,0.81,804.82
1773022057.7564747,53.8,0x80000,1700.02,3.038,6.6,0.82,804.82
1773022057.9028475,54.9,0x80000,1600.02,3.739,12.3,0.82,804.82
1773022058.0534618,53.8,0x80000,1700.02,2.786,6.7,0.82,804.82
1773022058.200481,53.8,0x80000,1600.02,2.897,8.5,0.82,804.57
1773022058.3485806,54.9,0x80000,1700.01,2.655,1.8,0.82,804.57
1773022058.495563,54.3,0x80000,1600.02,3.419,8.2,0.82,804.57
1773022058.6449373,53.8,0x80000,1800.02,3.198,8.3,0.83,804.57
1773022058.7938344,54.3,0x80000,1700.01,3.615,6.8,0.83,804.57
1773022058.9433324,53.2,0x80000,1700.02,2.579,6.8,0.83,804.32
1773022059.089291,54.3,0x80000,2200.03,2.78,16.9,0.82,804.32
1773022059.2361274,53.2,0x80000,1600.01,2.639,6.9,0.82,804.32
1773022059.3831155,53.8,0x80000,1700.02,2.661,6.8,0.82,804.32
1773022059.532544,54.3,0x80000,1700.02,2.918,3.5,0.82,804.07
1773022059.6826684,54.9,0x80000,1700.02,3.138,8.3,0.82,804.07
1773022059.8318992,54.3,0x80000,1700.02,2.637,6.8,0.82,803.82
1773022059.979186,53.8,0x80000,1600.01,2.742,5.2,0.82,803.57
1773022060.1259556,53.2,0x80000,1700.01,2.951,6.8,0.82,803.57
1773022060.2767918,54.3,0x80000,1700.02,2.557,8.2,0.82,803.57
1773022060.4260356,53.8,0x80000,2200.03,3.963,11.9,0.82,803.57
1773022060.5767899,54.9,0x80000,1700.02,2.667,5.1,0.82,803.57
1773022060.7260945,54.9,0x80000,1700.01,3.092,8.3,0.82,803.32
1773022060.8767776,54.9,0x80000,1700.02,2.611,5.0,0.82,803.32
1773022061.0261304,53.8,0x80000,1700.02,2.637,6.8,0.82,803.32
1773022061.175832,53.8,0x80000,1700.02,2.558,8.3,0.82,803.32
1773022061.323063,53.8,0x80000,1600.02,3.115,5.2,0.82,803.32
1773022061.4715528,54.3,0x80000,1700.02,3.098,8.5,0.82,803.07
1773022061.6188223,53.8,0x80000,1600.02,2.591,10.3,0.82,803.07
1773022061.768471,53.2,0x80000,1700.02,3.018,6.7,0.82,803.07
1773022061.9179747,54.3,0x80000,1700.02,2.431,5.1,0.82,803.07
1773022062.0638607,54.3,0x80000,1600.02,2.226,8.5,0.82,803.07
1773022062.2121706,54.3,0x80000,1700.02,2.234,6.8,0.82,803.07
1773022062.3600278,54.3,0x80000,1700.02,2.495,8.3,0.82,803.07
1773022062.5101485,54.9,0x80000,1700.02,2.524,5.2,0.82,803.07
1773022062.6570258,54.9,0x80000,1600.01,2.675,6.8,0.82,803.07
1773022062.8063061,52.7,0x80000,1700.02,3.251,5.2,0.82,802.57
1773022062.9556954,53.2,0x80000,1700.02,2.753,13.1,0.82,802.57
1773022063.1038644,53.8,0x80000,1600.01,3.131,6.8,0.82,802.57
1773022063.2543309,53.8,0x80000,1700.02,2.544,5.1,0.82,802.32
1773022063.401201,54.3,0x80000,1600.01,2.649,6.9,0.82,802.32
1773022063.550043,53.2,0x80000,1800.02,3.041,6.9,0.82,802.32
1773022063.6993103,53.2,0x80000,1700.02,3.105,6.7,0.82,802.32
1773022063.8461037,53.2,0x80000,1600.02,3.289,6.8,0.82,802.32
1773022063.9923966,54.3,0x80000,1700.02,2.713,5.3,0.82,802.32
1773022064.1435564,55.4,0x80000,1900.02,3.218,11.7,0.82,802.07
1773022064.2901602,53.2,0x80000,1700.01,2.571,8.3,0.82,802.07
1773022064.4371738,54.3,0x80000,1700.02,3.245,5.3,0.82,802.07
1773022064.58426,53.8,0x80000,1600.02,2.456,6.9,0.82,801.57
1773022064.7345564,54.3,0x80000,1800.03,2.792,6.7,0.82,801.57
1773022064.8814359,54.9,0x80000,1600.01,3.252,6.9,0.82,801.57
1773022065.0283375,52.7,0x80000,1700.02,2.552,8.3,0.82,801.57
1773022065.1781309,53.2,0x80000,2200.03,4.27,10.2,0.81,801.57
1773022065.3276198,55.4,0x80000,1700.02,3.009,8.3,0.81,801.32
1773022065.4734433,53.2,0x80000,1600.02,2.658,5.3,0.81,801.32
1773022065.6203816,52.7,0x80000,1600.02,2.623,6.9,0.82,801.07
1773022065.7673776,53.8,0x80000,1600.02,2.86,6.9,0.81,801.07
1773022065.9145617,52.7,0x80000,1700.02,2.729,6.8,0.81,801.07
1773022066.065159,53.8,0x80000,1700.02,2.586,6.7,0.82,800.93
1773022066.2123365,53.2,0x80000,1600.02,2.601,6.9,0.82,800.82
1773022066.3606777,53.2,0x80000,2000.03,3.787,10.3,0.81,800.57
1773022066.507526,52.7,0x80000,1600.02,2.742,8.3,0.82,800.57
1773022066.6573865,53.8,0x80000,1700.02,2.824,5.2,0.82,800.57
1773022066.807418,53.8,0x80000,1700.03,2.406,6.7,0.82,800.57
1773022066.9561582,52.7,0x80000,1700.02,2.499,8.3,0.82,800.57
1773022067.1068141,53.2,0x80000,1700.01,2.607,6.7,0.81,800.32
1773022067.2574227,54.3,0x80000,1700.02,2.287,6.7,0.82,800.32
1773022067.4069963,54.3,0x80000,1700.02,3.183,11.3,0.82,800.32
1773022067.5558095,52.1,0x80000,2100.02,3.944,10.3,0.81,800.57
1773022067.7030022,53.2,0x80000,1700.02,2.593,6.8,0.81,800.32
1773022067.8537867,53.2,0x80000,1700.01,2.594,3.4,0.82,800.07
1773022068.003548,54.3,0x80000,1700.02,2.579,6.8,0.81,800.07
1773022068.153047,53.2,0x80000,1700.02,2.778,8.2,0.81,800.07
1773022068.299952,53.2,0x80000,1600.01,2.557,6.9,0.82,800.07
1773022068.4447088,54.3,0x80000,1600.02,2.95,5.3,0.82,800.07
1773022068.591563,53.8,0x80000,1600.02,2.61,5.3,0.82,800.07
1773022068.737436,52.7,0x80000,1600.01,3.383,12.3,0.81,800.32
1773022068.8871596,53.8,0x80000,1700.02,2.566,6.6,0.82,800.32
1773022069.0371947,53.2,0x80000,1700.02,2.983,5.2,0.82,800.32
1773022069.1853194,54.9,0x80000,1600.02,2.573,3.4,0.82,800.32
1773022069.3366554,53.2,0x80000,1700.02,2.561,8.2,0.82,800.32
1773022069.4836633,53.2,0x80000,1600.02,2.951,5.3,0.82,800.32
1773022069.6306562,53.2,0x80000,1600.02,2.19,5.3,0.82,800.32
1773022069.7807796,53.2,0x80000,1800.02,2.769,6.7,0.81,800.32
1773022069.9269333,52.7,0x80000,1600.01,3.841,13.6,0.81,800.54
1773022070.0787666,54.3,0x80000,1700.02,2.799,6.6,0.82,800.54
1773022070.2256827,52.7,0x80000,1600.02,2.678,3.6,0.82,800.54
1773022070.3739035,54.9,0x80000,1600.02,2.561,5.2,0.81,800.54
1773022070.5239344,52.7,0x80000,1700.02,2.6,8.2,0.81,800.54
1773022070.670483,53.2,0x80000,1700.01,2.495,6.9,0.82,800.29
1773022070.8192499,53.8,0x80000,1700.01,2.635,6.9,0.81,800.04
1773022070.9663632,53.8,0x80000,1700.02,2.605,6.9,0.81,799.79
1773022071.1145947,53.2,0x80000,2100.03,3.665,13.3,0.82,800.04
1773022071.2616558,53.2,0x80000,1600.02,2.689,6.8,0.81,800.04
1773022071.408826,53.2,0x80000,1600.02,3.326,5.3,0.82,800.04
1773022071.5583572,53.2,0x80000,1700.01,2.608,6.7,0.82,800.04
1773022071.7053194,53.2,0x80000,1600.02,2.696,5.2,0.82,799.79
1773022071.8521314,54.9,0x80000,1600.02,2.309,6.9,0.82,799.79
1773022071.9989681,53.8,0x80000,1700.02,2.224,8.3,0.82,799.79
1773022072.1461146,53.2,0x80000,1700.01,2.251,6.8,0.82,799.79
1773022072.296098,55.4,0x80000,1700.02,2.212,5.1,0.82,799.79
1773022072.444457,54.9,0x80000,1700.02,3.036,12.1,0.82,799.04
1773022072.5936441,52.7,0x80000,1700.02,2.564,5.2,0.82,798.79
1773022072.7419016,53.8,0x80000,1700.01,2.584,6.8,0.82,798.54
1773022072.8868325,53.2,0x80000,1600.02,2.569,5.3,0.82,798.54
1773022073.0339346,53.8,0x80000,1600.02,2.816,8.5,0.82,798.29
1773022073.1809862,52.7,0x80000,1600.02,3.062,6.8,0.82,798.29
1773022073.3308914,52.7,0x80000,1700.02,2.608,8.3,0.82,798.04
1773022073.4816804,54.3,0x80000,1700.02,2.84,8.1,0.82,798.04
1773022073.631394,53.8,0x80000,1700.02,2.574,10.3,0.82,798.04
1773022073.7783425,52.7,0x80000,1600.02,2.559,6.7,0.82,798.04
1773022073.9254553,53.2,0x80000,1600.02,2.625,8.5,0.82,797.79
1773022074.075576,54.3,0x80000,1700.01,2.625,6.7,0.82,797.79
1773022074.226238,53.2,0x80000,1700.02,2.534,6.8,0.82,797.79
1773022074.3759058,54.3,0x80000,1700.02,2.786,8.5,0.82,796.29
1773022074.5231035,53.8,0x80000,1600.03,2.713,8.6,0.82,792.54
1773022074.6728382,53.2,0x80000,1700.02,2.839,5.1,0.82,792.54
1773022074.819866,53.2,0x80000,1600.02,2.629,12.3,0.82,792.29
1773022074.9708142,54.3,0x80000,1700.01,2.673,3.4,0.82,792.29
1773022075.117721,53.8,0x80000,1600.02,2.634,6.9,0.82,792.29
1773022075.267813,52.7,0x80000,1700.02,2.924,6.7,0.82,792.29
1773022075.418796,52.7,0x80000,1800.02,2.565,5.1,0.83,792.29
1773022075.5655744,53.2,0x80000,1600.02,2.636,12.1,0.83,792.29
1773022075.7126515,52.7,0x80000,1700.02,2.555,6.8,0.83,792.29
1773022075.8594675,52.1,0x80000,1600.02,2.682,8.6,0.83,792.04
1773022076.0078359,52.7,0x80000,1900.02,3.818,11.7,0.82,792.04
1773022076.1547067,52.7,0x80000,1600.02,2.911,5.3,0.83,791.79
1773022076.3052962,52.7,0x80000,1700.02,3.184,6.7,0.83,791.79
1773022076.4520333,53.2,0x80000,1600.01,2.584,6.8,0.83,791.79
1773022076.5989814,53.8,0x80000,1600.02,2.593,6.8,0.83,791.54
1773022076.7464335,53.2,0x80000,1700.02,2.937,8.3,0.82,791.54
1773022076.8961294,52.7,0x80000,1700.01,2.682,6.8,0.82,791.29
1773022077.0430627,54.3,0x80000,1600.02,2.586,6.9,0.82,791.29
1773022077.193133,54.9,0x80000,1700.02,3.035,11.7,0.82,791.04
1773022077.3417194,53.2,0x80000,1700.02,2.625,8.5,0.82,791.04
1773022077.4922974,53.2,0x80000,1700.02,2.773,8.2,0.82,791.04
1773022077.6397336,53.2,0x80000,1600.01,2.68,8.5,0.83,791.04
1773022077.789834,52.7,0x80000,1800.02,2.682,6.7,0.83,790.79
1773022077.9367578,52.7,0x80000,1700.02,2.558,6.8,0.83,790.79
1773022078.083671,52.7,0x80000,1600.01,2.586,5.3,0.83,790.79
1773022078.2309942,53.8,0x80000,1700.01,2.558,6.9,0.83,790.79
1773022078.3806326,53.8,0x80000,1700.02,2.728,8.3,0.83,790.79
1773022078.5309591,53.8,0x80000,1700.02,2.554,13.1,0.83,790.79
1773022078.6778836,52.7,0x80000,1600.02,2.639,5.2,0.83,790.54
1773022078.8248036,54.9,0x80000,1700.02,2.622,8.5,0.83,790.54
1773022078.9713175,53.2,0x80000,1700.02,2.521,8.5,0.83,790.54
1773022079.1182268,52.7,0x80000,1600.02,2.605,6.8,0.84,790.54
1773022079.2682583,53.2,0x80000,1700.02,2.601,5.1,0.83,790.29
1773022079.4191713,53.2,0x80000,1700.02,2.561,6.7,0.83,790.29
1773022079.5692832,52.1,0x80000,2000.03,4.421,10.2,0.82,790.29
1773022079.7157307,52.7,0x80000,1700.02,2.643,6.9,0.82,790.29
1773022079.8644845,54.3,0x80000,1800.01,3.274,6.8,0.82,790.29
1773022080.0121744,52.7,0x80000,1700.01,2.598,5.2,0.82,790.29
1773022080.1595604,54.9,0x80000,1700.02,2.66,6.8,0.83,790.29
1773022080.3089812,53.2,0x80000,1700.01,2.563,5.2,0.83,790.29
1773022080.455746,54.3,0x80000,1600.01,2.613,3.6,0.83,790.29
1773022080.6025283,54.3,0x80000,1700.02,3.21,5.3,0.83,790.29
1773022080.7528102,53.2,0x80000,1700.02,2.754,8.2,0.83,790.29
1773022080.8997726,53.2,0x80000,1600.02,4.239,13.8,0.82,790.29
1773022081.048835,54.3,0x80000,1800.03,2.63,5.2,0.83,789.79
1773022081.1960335,53.2,0x80000,1700.02,2.589,5.2,0.83,789.54
1773022081.3453274,54.3,0x80000,1700.02,2.657,5.2,0.83,789.29
1773022081.4924257,53.2,0x80000,1600.02,2.816,6.8,0.83,789.29
1773022081.6431236,52.7,0x80000,1700.01,2.68,6.7,0.83,789.29
1773022081.7902858,53.2,0x80000,1600.02,2.253,5.3,0.83,789.04
1773022081.9373126,53.8,0x80000,1700.02,2.496,6.8,0.83,789.04
1773022082.085099,54.3,0x80000,1700.02,2.834,10.5,0.83,789.04
1773022082.232069,53.2,0x80000,1700.02,2.336,6.8,0.83,788.79
1773022082.379495,53.2,0x80000,1700.02,2.709,8.5,0.83,788.54
1773022082.5265949,53.2,0x80000,1700.02,3.455,5.2,0.83,788.54
1773022082.6758423,52.7,0x80000,1600.02,2.538,8.2,0.83,788.54
1773022082.8253248,53.8,0x80000,1800.02,2.642,8.5,0.83,788.54
1773022082.9720473,53.2,0x80000,1600.01,2.829,8.3,0.83,788.54
1773022083.1218605,53.2,0x80000,1700.02,2.684,6.8,0.83,788.54
1773022083.270452,54.3,0x80000,2000.02,3.939,11.7,0.82,788.54
1773022083.4172444,53.2,0x80000,1600.01,2.753,3.6,0.82,788.54
1773022083.5674512,53.2,0x80000,1700.02,2.637,8.2,0.83,788.54
1773022083.719003,52.7,0x80000,1700.02,2.982,6.7,0.82,788.54
1773022083.8658717,53.8,0x80000,1600.02,2.757,8.3,0.83,788.54
1773022084.0132382,53.2,0x80000,1700.01,3.24,5.2,0.83,788.29
1773022084.1601698,53.2,0x80000,1700.02,2.604,6.9,0.83,788.29
1773022084.3108013,53.2,0x80000,1800.03,3.408,6.7,0.83,788.29
1773022084.4577887,53.2,0x80000,1600.02,2.577,5.3,0.83,788.29
1773022084.6072714,53.2,0x80000,2300.02,3.598,11.7,0.82,788.29
1773022084.755908,53.8,0x80000,1600.02,2.349,5.2,0.83,788.29
1773022084.9029808,53.8,0x80000,1600.01,2.983,6.8,0.83,788.29
1773022085.0528018,53.2,0x80000,1700.02,3.335,8.2,0.83,788.04
1773022085.1999915,53.2,0x80000,1600.02,3.133,5.3,0.83,787.79
1773022085.349263,54.3,0x80000,1700.02,2.561,6.7,0.82,787.79
1773022085.4941592,53.8,0x80000,1600.01,3.13,8.5,0.83,787.79
1773022085.6424763,53.2,0x80000,1700.02,2.586,6.9,0.82,787.79
1773022085.7913504,53.2,0x80000,1700.01,4.137,12.1,0.82,787.54
1773022085.9362884,53.2,0x80000,1600.02,3.322,5.3,0.83,787.54
1773022086.0870697,52.7,0x80000,1700.02,2.724,6.9,0.83,787.29
1773022086.2340417,52.7,0x80000,1600.02,2.581,6.8,0.83,787.29
1773022086.3811405,52.7,0x80000,1700.02,2.687,6.8,0.83,787.29
1773022086.5329914,52.7,0x80000,1700.01,4.063,16.4,0.83,787.04
1773022086.6811655,53.2,0x80000,1700.01,2.838,5.1,0.83,787.04
1773022086.8315268,52.7,0x80000,1700.02,2.618,6.7,0.83,787.04
1773022086.978921,53.8,0x80000,1600.02,3.217,12.1,0.82,787.04
1773022087.1297886,52.7,0x80000,1700.02,2.67,6.8,0.83,787.04
1773022087.2810242,53.2,0x80000,1700.02,3.275,6.6,0.82,787.04
1773022087.4260056,53.8,0x80000,1600.02,2.873,10.0,0.82,787.04
1773022087.5770802,53.2,0x80000,1700.02,2.532,6.8,0.83,786.79
1773022087.7241304,53.2,0x80000,1600.01,3.103,5.2,0.83,786.79
1773022087.8742595,52.7,0x80000,1700.02,2.806,6.8,0.83,786.54
1773022088.0237932,54.3,0x80000,1700.02,2.507,5.1,0.83,786.54
1773022088.1718748,53.8,0x80000,1700.01,2.807,8.3,0.83,786.54
1773022088.3207657,53.2,0x80000,2000.01,5.894,20.3,0.83,786.29
1773022088.4678578,54.3,0x80000,1700.02,2.617,5.2,0.83,786.04
1773022088.6177936,53.2,0x80000,1800.02,2.596,6.7,0.83,785.79
1773022088.7672665,54.3,0x80000,1700.02,2.465,5.2,0.83,785.79
1773022088.9152186,53.8,0x80000,1600.01,2.831,10.0,0.83,785.79
1773022089.0626,53.2,0x80000,1700.01,2.614,3.5,0.83,785.79
1773022089.20959,52.7,0x80000,1600.02,3.273,3.5,0.83,785.79
1773022089.3593414,52.7,0x80000,1800.02,2.509,6.8,0.83,785.79
1773022089.5062668,52.7,0x80000,1600.02,4.226,13.3,0.83,785.54
1773022089.653221,53.2,0x80000,1600.02,3.524,5.3,0.83,785.54
1773022089.8001802,53.8,0x80000,1600.02,2.604,6.9,0.83,785.54
1773022089.9498885,53.2,0x80000,1800.02,3.272,6.7,0.83,785.54
1773022090.0990589,53.2,0x80000,1700.01,2.658,5.1,0.83,785.54
1773022090.2498605,52.1,0x80000,1600.02,2.801,5.1,0.83,785.29
1773022090.3968194,53.2,0x80000,1700.02,3.278,8.3,0.84,785.29
1773022090.5454917,53.2,0x80000,1700.01,2.83,6.8,0.83,785.29
1773022090.692672,52.7,0x80000,1600.01,2.675,10.5,0.83,785.29
1773022090.8433948,53.8,0x80000,1800.02,2.625,8.1,0.83,785.29
1773022090.99421,53.2,0x80000,1700.02,2.78,5.1,0.83,785.29
1773022091.1410143,53.2,0x80000,1600.02,2.896,5.2,0.83,785.29
1773022091.287914,54.3,0x80000,1600.02,2.575,6.9,0.83,785.29
1773022091.4377844,53.2,0x80000,1700.02,2.599,5.1,0.83,785.29
1773022091.5861883,52.7,0x80000,1800.02,2.6,8.3,0.83,785.29
1773022091.7330055,53.8,0x80000,1700.02,2.983,3.6,0.83,785.29
1773022091.8744826,51.6,0x80000,2200.02,2.402,12.3,0.83,784.79
1773022092.022569,53.8,0x80000,2400.02,5.628,12.3,0.83,784.79
1773022092.170525,53.2,0x80000,1700.02,2.73,6.8,0.83,784.79
1773022092.319761,53.2,0x80000,1700.02,2.247,6.8,0.83,784.54
1773022092.469155,53.8,0x80000,1700.02,2.541,3.5,0.83,784.54
1773022092.6148925,53.2,0x80000,1600.02,2.608,6.9,0.83,784.54
1773022092.7619417,52.7,0x80000,1600.02,2.592,5.2,0.83,784.54
1773022092.9111786,52.7,0x80000,1700.02,2.879,6.7,0.84,784.54
1773022093.0618472,52.7,0x80000,1700.02,2.622,6.7,0.83,784.54
1773022093.210142,53.8,0x80000,2000.03,4.016,13.3,0.83,784.54
1773022093.3599584,53.2,0x80000,1700.02,2.896,5.1,0.83,784.04
1773022093.509647,52.1,0x80000,1700.02,2.781,8.3,0.83,784.04
1773022093.6601543,52.7,0x80000,1800.02,2.804,5.0,0.83,784.04
1773022093.809069,52.7,0x80000,1600.01,2.822,6.8,0.83,783.79
1773022093.958355,53.8,0x80000,1700.01,2.834,6.8,0.83,783.79
1773022094.1050637,52.7,0x80000,1700.02,3.206,5.2,0.83,783.79
1773022094.2518415,52.7,0x80000,1600.02,2.844,6.9,0.83,783.79
1773022094.3999116,53.2,0x80000,2000.02,3.889,13.3,0.83,783.79
1773022094.5492096,53.2,0x80000,1700.02,2.674,6.8,0.83,783.79
1773022094.6987286,52.7,0x80000,1700.03,2.888,6.7,0.83,783.79
1773022094.8482156,53.8,0x80000,1700.02,2.55,6.8,0.83,783.79
1773022094.9954758,53.2,0x80000,1600.02,2.827,6.9,0.83,783.79
1773022095.1446812,53.8,0x80000,1700.01,3.366,9.7,0.83,783.79
1773022095.2940633,52.7,0x80000,1600.02,2.844,12.9,0.83,783.79
1773022095.4409003,53.2,0x80000,1600.01,3.149,11.9,0.83,783.54
1773022095.588149,52.7,0x80000,1900.03,3.893,10.3,0.83,783.54
1773022095.7325792,53.2,0x80000,2400.02,3.815,15.8,0.83,787.8
1773022095.8799417,53.8,0x80000,1700.02,2.839,22.0,0.83,795.04
1773022096.0217042,53.8,0x80000,2400.03,4.683,28.6,0.82,805.41
1773022096.1634972,54.3,0x80000,2400.04,3.932,30.4,0.81,816.35
1773022096.308719,54.3,0x80000,2100.03,3.849,30.5,0.81,829.76
1773022096.5910623,54.9,0x80000,2400.03,2.671,16.8,0.82,840.3
1773022096.7385132,53.8,0x80000,2000.02,3.983,12.1,0.81,840.05
1773022097.0754554,52.7,0x80000,1600.02,2.726,3.8,0.81,839.8
1773022097.223881,53.2,0x80000,1700.02,2.355,6.8,0.81,839.8
1773022097.371159,53.2,0x80000,1600.01,3.317,5.2,0.81,839.8
1773022097.5205758,54.3,0x80000,2100.02,2.885,10.2,0.81,839.8
1773022097.6686113,53.2,0x80000,1900.03,3.82,19.0,0.81,840.3
1773022097.8172262,53.8,0x80000,1800.02,2.652,11.7,0.81,840.3
1773022097.9639235,52.7,0x80000,1500.01,2.865,5.2,0.81,840.3
1773022098.1109076,53.8,0x80000,1600.02,3.547,8.6,0.81,840.05
1773022098.2590647,53.2,0x80000,1600.02,2.587,5.2,0.81,840.05
1773022098.4056811,53.2,0x80000,1500.01,2.758,8.5,0.81,840.05
1773022098.552488,53.2,0x80000,1600.02,2.712,3.5,0.81,839.8
1773022098.6967456,54.3,0x80000,1700.02,2.564,5.3,0.81,839.8
1773022098.8461535,53.2,0x80000,1700.02,3.1,5.1,0.81,839.8
1773022098.9918165,53.8,0x80000,2400.03,6.681,33.3,0.81,839.3
1773022099.138486,54.3,0x80000,1600.01,3.123,3.5,0.81,839.3
1773022099.2889972,53.2,0x80000,1700.02,2.836,8.2,0.81,839.3
1773022099.4358454,53.2,0x80000,1600.02,2.702,9.8,0.81,839.3
1773022099.5864916,53.8,0x80000,1700.01,2.314,5.1,0.81,839.3
1773022099.7332237,54.3,0x80000,1600.01,2.84,6.9,0.81,839.3
1773022099.8824089,54.3,0x80000,1700.02,2.72,8.2,0.81,839.05
1773022100.0291243,52.1,0x80000,1600.02,2.771,6.9,0.81,838.8
1773022100.1773827,53.8,0x80000,2000.02,4.095,15.5,0.8,838.8
1773022100.324506,53.2,0x80000,1600.02,2.596,6.9,0.81,838.8
1773022100.47115,53.8,0x80000,1600.02,2.706,6.8,0.81,838.55
1773022100.6160557,53.8,0x80000,1600.02,2.518,3.6,0.81,838.55
1773022100.7655802,54.3,0x80000,1700.02,2.808,5.2,0.81,838.55
1773022100.9127572,53.8,0x80000,1700.02,3.048,13.6,0.8,838.55
1773022101.0603225,54.3,0x80000,1700.02,2.605,5.3,0.81,838.3
1773022101.2106595,54.3,0x80000,1700.02,2.693,8.3,0.8,838.3
1773022101.3584776,53.8,0x80000,1600.02,3.26,9.8,0.81,837.8
1773022101.5095272,52.7,0x80000,1700.02,2.588,6.7,0.81,837.8
1773022101.6603305,53.2,0x80000,1700.02,2.771,6.7,0.81,837.8
1773022101.8050947,52.7,0x80000,1600.02,2.866,17.2,0.81,837.55
1773022101.9559705,52.7,0x80000,1700.01,2.754,6.7,0.81,837.55
1773022102.1025875,53.8,0x80000,1600.02,3.94,10.5,0.8,837.55
1773022102.2519968,53.8,0x80000,1600.01,2.7,8.3,0.81,837.3
1773022102.4005218,53.2,0x80000,1600.02,2.788,5.2,0.81,837.3
1773022102.5967538,53.8,0x80000,1600.02,2.867,5.1,0.81,837.3
1773022102.7462075,53.8,0x80000,1700.02,2.785,6.7,0.81,837.3
1773022102.893069,52.7,0x80000,1600.02,2.689,5.2,0.81,837.3
1773022103.0437365,53.2,0x80000,1700.02,2.619,5.1,0.81,837.3
1773022103.1905594,54.3,0x80000,1600.02,3.347,6.8,0.81,837.3
1773022103.3392527,52.7,0x80000,2200.02,4.245,11.9,0.8,837.3
1773022103.4889195,52.7,0x80000,1700.02,2.952,6.8,0.81,837.3
1773022103.6358187,52.7,0x80000,1600.01,3.331,5.2,0.81,837.3
1773022103.7839847,54.3,0x80000,1700.02,2.841,8.2,0.81,837.05
1773022103.9341676,53.8,0x80000,1700.02,2.586,8.3,0.81,837.05
1773022104.0838091,53.2,0x80000,1700.02,3.2,3.4,0.81,837.05
1773022104.234331,52.7,0x80000,1800.02,2.568,8.3,0.81,837.05
1773022104.3822587,53.2,0x80000,1600.02,2.619,9.8,0.8,836.8
1773022104.5294483,52.1,0x80000,1800.03,4.006,13.6,0.8,836.8
1773022104.678657,52.7,0x80000,1700.01,2.598,6.7,0.81,836.8
1773022104.8254845,54.3,0x80000,1800.02,6.27,13.8,0.81,836.55
1773022104.9760182,52.7,0x80000,1700.02,2.768,6.7,0.82,836.55
1773022105.1229658,52.7,0x80000,1600.02,2.64,8.3,0.81,836.55
1773022105.270121,52.7,0x80000,1700.02,3.072,3.5,0.81,836.55
1773022105.420603,53.2,0x80000,1700.01,3.307,8.2,0.81,836.55
1773022105.5675566,53.8,0x80000,1600.02,2.847,3.5,0.81,836.55
1773022105.7183065,53.8,0x80000,1800.02,2.562,8.3,0.81,836.55
1773022105.8629107,52.7,0x80000,1600.02,2.739,15.0,0.81,836.55
1773022106.0126748,53.2,0x80000,1700.02,3.047,8.3,0.81,836.3
1773022106.159744,52.7,0x80000,1600.02,2.55,3.6,0.82,836.3
1773022106.3369832,53.8,0x80000,1600.02,3.406,5.6,0.81,836.3
1773022106.4867363,51.0,0x80000,1700.01,2.473,6.8,0.81,836.3
1773022106.633461,53.8,0x80000,1600.01,2.541,5.2,0.81,836.3
1773022106.7803898,52.1,0x80000,1600.02,2.875,6.8,0.81,836.3
1773022106.9302316,52.7,0x80000,1700.02,2.527,6.8,0.81,836.05
1773022107.076222,53.2,0x80000,1600.02,3.137,10.5,0.81,835.55
1773022107.2231252,53.2,0x80000,1600.02,3.257,6.8,0.8,835.55
1773022107.3696668,54.3,0x80000,1700.01,2.596,6.9,0.81,835.55
1773022107.5163968,53.2,0x80000,1700.02,2.65,5.2,0.81,835.55
1773022107.6631148,52.1,0x80000,1600.01,2.701,6.9,0.81,835.55
1773022107.8109396,53.8,0x80000,1700.02,2.589,5.2,0.8,835.55
1773022107.9578173,53.2,0x80000,1600.02,2.537,8.3,0.81,835.55
1773022108.1053562,51.6,0x80000,1700.02,2.797,13.8,0.81,835.05
1773022108.2467933,54.3,0x80000,2200.03,2.693,12.5,0.81,835.05
1773022108.3934288,53.2,0x80000,1600.02,3.679,10.5,0.81,835.05
1773022108.54346,54.3,0x80000,1700.01,2.711,6.7,0.81,835.05
1773022108.6882145,53.2,0x80000,1600.02,2.806,6.9,0.81,834.8
1773022108.8390412,52.1,0x80000,1700.02,2.501,8.2,0.81,834.8
1773022108.9886527,52.7,0x80000,1800.02,2.567,8.3,0.81,834.8
1773022109.1356297,52.7,0x80000,1700.02,2.835,6.9,0.81,834.8
1773022109.2847013,53.2,0x80000,1700.02,2.547,5.1,0.81,834.8
1773022109.4297795,53.2,0x80000,2400.04,2.539,10.5,0.81,834.8
1773022109.5766802,53.8,0x80000,1600.01,2.789,6.8,0.81,834.8
1773022109.7234995,53.8,0x80000,1600.01,2.787,5.2,0.81,834.55
1773022110.0694711,54.3,0x80000,1700.02,2.58,5.8,0.81,834.55
1773022110.2163372,53.8,0x80000,1600.02,2.64,6.8,0.81,834.55
1773022110.3657358,52.7,0x80000,1700.02,2.543,5.2,0.81,834.55
1773022110.5148778,53.2,0x80000,1700.02,2.643,11.7,0.81,834.55
1773022110.6617618,53.2,0x80000,1600.01,2.639,5.2,0.81,834.55
1773022110.8084605,52.7,0x80000,1600.02,2.572,6.8,0.81,834.55
1773022110.9569862,54.3,0x80000,1700.02,2.934,17.2,0.81,834.3
1773022111.107731,53.2,0x80000,1700.02,2.547,5.0,0.81,834.3
1773022111.2574353,54.3,0x80000,1700.02,2.544,6.8,0.81,834.3
1773022111.4042556,52.7,0x80000,1600.02,2.669,5.2,0.81,834.3
1773022111.5512307,53.2,0x80000,1600.01,2.793,5.3,0.81,834.3
1773022111.6993155,53.8,0x80000,1700.02,2.615,5.2,0.81,834.3
1773022111.8464236,53.2,0x80000,1800.02,2.906,12.1,0.81,834.3
1773022111.9964597,52.7,0x80000,1700.02,2.23,6.7,0.81,834.3
1773022112.1443224,54.3,0x80000,1700.02,2.253,6.8,0.81,834.05
1773022112.293723,53.8,0x80000,1700.01,2.426,5.1,0.81,834.05
1773022112.441347,52.7,0x80000,1700.02,2.588,8.5,0.81,833.55
1773022112.5884757,53.2,0x80000,1600.02,2.58,6.9,0.81,833.55
1773022112.736337,53.8,0x80000,1700.02,2.929,5.2,0.81,833.55
1773022112.8834224,53.2,0x80000,1700.02,2.636,11.9,0.81,833.55
1773022113.0334787,54.3,0x80000,1700.02,2.834,6.8,0.81,833.55
1773022113.1804266,52.1,0x80000,1600.01,2.562,6.8,0.81,833.55
1773022113.330165,52.7,0x80000,1700.02,2.579,8.2,0.81,833.55
1773022113.4788365,53.2,0x80000,1700.02,2.6,6.8,0.81,833.55
1773022113.625687,52.7,0x80000,1600.02,2.777,6.9,0.81,833.55
1773022113.7724242,52.1,0x80000,1600.02,2.575,5.3,0.81,833.05
1773022114.0775867,52.7,0x80000,1700.02,2.626,13.0,0.81,833.05
1773022114.2242973,52.7,0x80000,1600.01,2.826,5.2,0.81,832.8
1773022114.3681333,53.2,0x80000,1700.01,3.28,10.2,0.81,832.8
1773022114.518352,52.7,0x80000,1700.01,2.163,6.7,0.81,832.8
1773022114.6630564,52.7,0x80000,1600.02,2.755,5.3,0.81,832.8
1773022114.8077898,53.8,0x80000,1600.01,3.727,6.9,0.81,832.8
1773022114.9548674,52.7,0x80000,1600.01,2.668,6.9,0.81,832.8
1773022115.1038005,53.2,0x80000,1800.03,3.897,10.3,0.8,832.8
1773022115.2512665,52.7,0x80000,1700.01,3.197,6.8,0.81,832.8
1773022115.397895,53.8,0x80000,1600.02,2.699,5.3,0.81,832.8
1773022115.54924,53.8,0x80000,1800.03,3.282,6.6,0.81,832.8
1773022115.69644,53.2,0x80000,1700.02,2.564,9.8,0.81,832.8
1773022115.84334,52.7,0x80000,1600.02,2.604,6.9,0.81,832.8
1773022115.9907053,52.7,0x80000,1700.02,3.238,10.0,0.81,832.55
1773022116.137558,52.7,0x80000,1600.01,2.647,5.2,0.81,832.55
1773022116.2871075,52.7,0x80000,2100.03,3.835,11.9,0.81,832.55
1773022116.4366107,52.1,0x80000,1900.03,3.224,6.7,0.81,832.3
1773022116.5850582,52.1,0x80000,1700.02,2.85,6.8,0.81,832.3
1773022116.9181468,54.3,0x80000,1600.01,2.237,10.5,0.81,831.8
1773022117.066322,54.3,0x80000,1700.02,2.274,6.8,0.81,831.8
1773022117.2127018,53.2,0x80000,1700.02,2.269,6.8,0.81,831.8
1773022117.357409,52.7,0x80000,1600.02,2.519,5.4,0.81,831.8
1773022117.5047033,53.2,0x80000,1600.02,2.968,15.0,0.81,831.3
1773022117.6516895,52.7,0x80000,1600.02,3.059,8.5,0.81,830.8
1773022117.7985287,52.7,0x80000,1600.02,2.667,5.2,0.81,830.8
1773022117.948205,51.6,0x80000,1700.02,3.032,8.3,0.81,830.8
1773022118.2416008,53.2,0x80000,1600.02,3.141,5.2,0.81,830.8
1773022118.3884425,52.7,0x80000,1600.01,2.563,6.9,0.81,830.8
1773022118.5347042,53.2,0x80000,1700.02,3.33,8.6,0.8,830.55
1773022118.6820772,52.7,0x80000,1600.01,2.758,8.5,0.81,830.3
1773022118.833029,53.2,0x80000,1800.02,2.572,6.8,0.81,830.3
1773022118.9804485,53.8,0x80000,1700.02,2.748,6.8,0.81,830.05
1773022119.1304722,52.7,0x80000,1700.01,2.797,8.3,0.81,830.05
1773022119.2741492,52.7,0x80000,2400.03,3.007,10.5,0.81,830.05
1773022119.420911,53.8,0x80000,1600.01,2.747,6.8,0.81,830.05
1773022119.5705812,52.7,0x80000,1700.01,2.546,6.7,0.8,830.05
1773022119.71737,52.7,0x80000,1600.02,2.845,8.8,0.81,830.05
1773022119.8667185,53.2,0x80000,1800.02,2.85,5.1,0.81,830.05
1773022120.0157096,53.2,0x80000,1900.02,3.327,10.0,0.81,829.8
1773022120.1622927,53.8,0x80000,1600.02,2.686,8.6,0.81,829.55
1773022120.3040626,53.2,0x80000,2400.03,3.976,19.6,0.8,835.86
1773022120.4483337,53.8,0x80000,1700.02,2.671,12.5,0.8,836.11
1773022120.5957627,53.8,0x80000,1600.01,3.191,13.8,0.8,836.11
1773022120.74265,52.7,0x80000,1600.02,2.96,5.2,0.8,835.61
1773022120.88949,53.8,0x80000,1600.02,2.851,6.9,0.8,835.61
1773022121.0787818,52.1,0x80000,1700.02,3.045,7.9,0.8,835.61
1773022121.224655,52.7,0x80000,2400.03,3.956,14.3,0.8,835.61
1773022121.3735325,53.2,0x80000,1800.02,2.647,6.7,0.8,835.61
1773022121.520443,53.2,0x80000,1600.02,2.698,7.0,0.8,835.11
1773022121.6669598,53.8,0x80000,1600.02,2.61,8.5,0.8,835.11
1773022121.8165886,53.8,0x80000,1700.02,2.427,8.6,0.8,835.11
1773022121.9633815,53.8,0x80000,1700.01,2.483,5.2,0.8,835.11
1773022122.1101058,52.1,0x80000,1600.01,2.251,9.8,0.8,835.11
1773022122.2563207,53.2,0x80000,1600.02,2.773,7.1,0.79,835.11
1773022122.4030726,52.1,0x80000,1700.02,2.737,6.8,0.8,835.11
1773022122.5517685,52.7,0x80000,2100.02,3.994,10.3,0.79,835.11
1773022122.7015128,53.8,0x80000,1800.02,2.616,6.7,0.79,834.86
1773022122.8518066,52.1,0x80000,1700.02,2.55,5.1,0.8,834.86
1773022122.9986615,54.3,0x80000,1600.01,2.579,5.2,0.79,834.86
1773022123.145465,52.7,0x80000,1600.02,2.708,6.9,0.8,834.86
1773022123.2951465,52.7,0x80000,1700.02,3.021,6.7,0.8,834.86
1773022123.442195,52.7,0x80000,1600.01,3.097,5.2,0.8,834.86
1773022123.590885,52.1,0x80000,1700.02,2.599,6.7,0.8,834.86
1773022123.7404919,53.2,0x80000,1700.02,2.591,6.8,0.8,834.86
1773022123.8877642,52.7,0x80000,1600.02,2.717,10.3,0.79,835.11
1773022124.0347986,52.7,0x80000,1600.02,2.821,6.8,0.79,835.11
1773022124.1807072,54.3,0x80000,1700.02,3.135,6.9,0.8,834.86
1773022124.3308427,54.3,0x80000,1700.01,3.283,5.2,0.8,834.61
1773022124.478552,52.1,0x80000,1600.01,2.709,6.8,0.79,834.61
1773022124.6254597,52.7,0x80000,2200.03,3.014,11.9,0.79,834.61
1773022124.7730544,52.1,0x80000,1700.01,3.112,5.2,0.79,834.61
1773022124.9227903,53.8,0x80000,1700.02,2.604,9.8,0.79,834.36
1773022125.1362033,53.8,0x80000,1700.01,3.897,9.4,0.79,834.36
1773022125.2854502,52.7,0x80000,1800.03,2.525,6.7,0.8,834.36
1773022125.4320686,53.8,0x80000,1600.02,2.718,6.9,0.8,834.36
1773022125.5821476,53.8,0x80000,1700.01,2.549,5.1,0.79,834.36
1773022125.7289631,52.7,0x80000,1600.02,2.871,6.8,0.8,834.36
1773022125.8757732,52.7,0x80000,1600.02,2.598,6.8,0.79,834.36
1773022126.0225298,52.7,0x80000,1600.02,2.644,5.2,0.79,834.36
1773022126.1685114,52.1,0x80000,1600.02,2.583,8.6,0.79,833.11
1773022126.360095,53.2,0x80000,1600.02,2.792,10.7,0.8,829.86
1773022126.5101235,52.7,0x80000,1700.02,2.912,11.5,0.8,827.86
1773022126.6607893,52.7,0x80000,1700.02,3.075,13.6,0.81,827.36
1773022126.8062937,54.3,0x80000,2100.02,2.518,9.1,0.81,827.11
1773022126.9578931,52.7,0x80000,1600.02,2.501,6.6,0.81,826.61
1773022127.1088552,52.1,0x80000,1800.03,2.307,5.1,0.81,826.36
1773022127.2562428,52.7,0x80000,1700.02,3.317,11.7,0.8,825.61
1773022127.405998,52.1,0x80000,1800.02,2.563,6.9,0.81,825.61
1773022127.5521457,52.7,0x80000,1700.02,2.272,5.2,0.81,825.11
1773022127.6995249,53.8,0x80000,1600.02,2.5,6.8,0.81,824.61
1773022127.8464856,52.7,0x80000,1600.02,2.877,6.9,0.81,824.36
1773022127.993424,52.7,0x80000,1600.02,2.859,5.2,0.81,823.61
1773022128.1403768,52.7,0x80000,1600.01,2.368,10.0,0.81,823.36
1773022128.284124,52.1,0x80000,2400.02,2.461,10.7,0.81,822.86
1773022128.4309325,53.8,0x80000,1600.02,2.496,6.8,0.81,822.61
1773022128.580033,52.1,0x80000,1600.02,2.307,6.8,0.81,821.86
1773022128.7269306,53.2,0x80000,1600.01,3.016,6.8,0.81,821.11
1773022128.8785665,52.1,0x80000,1700.02,2.457,6.7,0.81,821.11
1773022129.0284736,52.1,0x80000,1700.01,2.224,6.7,0.81,820.61
1773022129.1760974,52.7,0x80000,1600.02,2.373,5.2,0.81,820.11
1773022129.3229868,52.7,0x80000,1600.02,2.211,10.3,0.81,820.11
1773022129.4700341,52.7,0x80000,1600.02,2.212,5.2,0.81,819.61
1773022129.6168942,52.1,0x80000,1600.02,2.226,5.2,0.81,819.61
1773022129.7638738,53.2,0x80000,1600.02,3.181,5.2,0.81,819.36
1773022129.9213753,52.1,0x80000,1600.02,2.852,4.8,0.81,819.36
1773022130.069899,52.7,0x80000,2000.02,3.95,19.0,0.81,818.61
1773022130.220709,51.0,0x80000,1800.02,2.794,5.0,0.81,817.86
1773022130.370257,53.8,0x80000,1700.01,2.716,6.8,0.82,817.36
1773022130.5176075,52.1,0x80000,1700.02,2.753,10.0,0.81,816.36
1773022130.6646023,53.2,0x80000,1700.02,2.676,6.8,0.81,816.11
1773022130.8114877,53.2,0x80000,1600.02,2.606,5.3,0.81,815.61
1773022130.9594553,52.7,0x80000,1600.02,2.54,6.8,0.82,814.86
1773022131.1035578,52.1,0x80000,2400.02,4.068,15.3,0.81,814.86
1773022131.2519028,52.7,0x80000,1500.01,2.842,6.8,0.82,814.61
1773022131.4017587,52.7,0x80000,1700.02,2.918,8.3,0.81,813.86
1773022131.5522485,53.8,0x80000,1800.02,2.619,6.7,0.82,813.36
1773022131.7018032,52.1,0x80000,1700.02,2.705,6.7,0.81,812.86
1773022131.849088,54.3,0x80000,1700.01,2.552,6.9,0.82,812.61
1773022131.9974668,53.2,0x80000,1800.02,3.983,8.8,0.81,812.61
1773022132.1443627,53.2,0x80000,1600.02,3.154,6.8,0.82,812.11
1773022132.2940521,53.2,0x80000,1600.02,3.384,6.6,0.82,812.11
1773022132.4418676,52.1,0x80000,1600.02,2.563,5.2,0.82,811.86
1773022132.5889635,53.8,0x80000,1600.02,3.283,6.9,0.82,811.36
1773022132.7360601,52.7,0x80000,1600.02,3.281,8.6,0.82,811.11
1773022132.8836775,52.1,0x80000,2200.03,3.805,13.6,0.82,810.32
1773022133.030665,53.2,0x80000,1600.02,2.66,5.3,0.82,810.07
1773022133.1772842,52.7,0x80000,1700.01,2.551,5.2,0.82,809.82
1773022133.3245738,52.1,0x80000,1700.01,2.571,6.9,0.82,809.57
1773022133.470408,52.7,0x80000,1600.02,2.611,6.9,0.82,809.07
1773022133.617349,52.1,0x80000,1600.01,3.075,8.3,0.82,808.82
1773022133.7708912,54.3,0x80000,1800.02,2.979,12.9,0.82,808.81
1773022133.9179256,52.7,0x80000,1600.02,2.621,6.8,0.82,808.06
1773022134.069385,53.2,0x80000,1700.02,2.558,5.2,0.82,807.31
1773022134.2171683,53.2,0x80000,1500.01,2.813,6.8,0.82,807.06
1773022134.3641915,53.8,0x80000,1600.02,3.464,5.3,0.82,806.56
1773022134.5112321,52.7,0x80000,1600.02,2.551,6.9,0.82,806.31
1773022134.6585302,53.8,0x80000,1600.02,3.177,10.2,0.82,806.0
1773022134.8056579,52.7,0x80000,1700.02,2.563,6.9,0.82,806.0
1773022134.9512203,53.2,0x80000,1900.02,2.616,10.2,0.83,806.0
1773022135.0979471,53.8,0x80000,1600.01,2.731,6.8,0.83,805.5
1773022135.2443488,52.1,0x80000,1700.02,2.82,6.8,0.83,805.0
1773022135.3909228,53.2,0x80000,1700.02,2.562,10.3,0.83,804.75
1773022135.5563583,52.1,0x80000,2400.03,2.675,10.6,0.82,804.95
1773022135.7066493,52.1,0x80000,1600.02,3.046,6.7,0.82,804.2
1773022135.8536627,52.1,0x80000,1600.02,2.907,5.3,0.82,803.95
1773022136.0003757,52.1,0x80000,1500.02,2.833,8.3,0.82,803.45
1773022136.1481733,53.2,0x80000,1600.01,2.688,6.8,0.82,803.45
1773022136.294941,53.2,0x80000,1700.01,2.616,6.9,0.82,802.95
1773022136.4442952,52.1,0x80000,1600.01,4.005,13.3,0.82,802.66
1773022136.5913358,53.2,0x80000,1600.02,2.715,5.2,0.82,802.66
1773022136.7408223,52.1,0x80000,1700.01,2.529,8.2,0.82,801.91
1773022136.8898957,52.1,0x80000,1800.02,2.618,6.9,0.83,800.91
1773022137.0404623,52.1,0x80000,1600.02,2.563,6.6,0.83,800.91
1773022137.1881988,53.2,0x80000,1500.01,2.689,6.8,0.83,800.66
1773022137.3353746,52.1,0x80000,2000.02,3.873,10.3,0.83,800.66
1773022137.4832592,54.3,0x80000,1700.01,2.55,3.4,0.83,800.66
1773022137.630187,52.1,0x80000,1600.02,2.769,5.3,0.83,800.16
1773022137.777429,51.6,0x80000,1600.02,2.833,6.7,0.83,799.91
1773022137.9243894,52.1,0x80000,1700.02,2.566,11.9,0.83,799.41
1773022138.0713427,52.1,0x80000,1700.02,2.636,6.8,0.83,799.16
1773022138.2172663,53.2,0x80000,1600.01,2.563,8.5,0.83,798.91
1773022138.3646042,53.2,0x80000,1600.02,2.699,12.1,0.83,798.88
1773022138.5144255,53.8,0x80000,1700.02,2.573,5.2,0.83,798.13
1773022138.663892,53.8,0x80000,1700.02,2.548,6.7,0.83,797.63
1773022138.811181,53.2,0x80000,1700.02,3.745,5.2,0.83,797.13
1773022138.958207,52.1,0x80000,1700.02,2.691,6.8,0.83,796.88
1773022139.1066244,53.2,0x80000,1500.02,2.851,6.8,0.83,796.13
1773022139.255172,52.7,0x80000,1800.03,4.112,8.8,0.83,795.63
1773022139.4038897,52.1,0x80000,1500.02,2.619,5.1,0.83,795.63
1773022139.551182,52.7,0x80000,1600.02,2.561,6.8,0.83,794.88
1773022139.698269,52.1,0x80000,1600.02,2.543,6.9,0.83,794.88
1773022139.8449688,52.7,0x80000,1600.01,2.619,3.5,0.83,794.88
1773022139.992672,52.7,0x80000,1500.02,2.881,6.7,0.84,794.88
1773022140.1393878,52.7,0x80000,1600.02,2.83,10.3,0.83,794.38
1773022140.2859893,52.1,0x80000,1500.01,2.729,6.8,0.83,794.13
1773022140.4330132,53.8,0x80000,1700.01,3.479,11.9,0.83,793.88
1773022140.5834627,52.1,0x80000,1700.02,2.68,6.7,0.83,793.13
1773022140.7292035,52.7,0x80000,1600.01,2.887,6.9,0.83,792.38
1773022140.8752592,52.7,0x80000,1600.02,2.62,5.3,0.83,792.38
1773022141.0167227,53.2,0x80000,2200.03,2.7,10.7,0.83,791.63
1773022141.1648464,53.8,0x80000,1600.02,2.619,11.9,0.83,791.13
1773022141.3125832,52.1,0x80000,1700.02,2.816,5.2,0.84,790.88
1773022141.4705,52.1,0x80000,1700.02,2.912,7.9,0.84,790.38
1773022141.617228,51.6,0x80000,1600.02,2.581,8.3,0.84,789.88
1773022141.7677267,53.2,0x80000,1600.02,2.909,6.7,0.84,789.88
1773022141.9150608,51.6,0x80000,1600.02,2.563,5.2,0.84,789.38
1773022142.0620532,52.7,0x80000,1600.02,2.568,10.3,0.84,789.13
1773022142.2099717,52.7,0x80000,1600.01,2.552,6.7,0.84,788.63
1773022142.3567905,51.6,0x80000,1600.02,3.463,5.3,0.84,788.38
1773022142.5037954,53.8,0x80000,1600.02,2.567,5.2,0.84,788.13
1773022142.6546967,53.2,0x80000,1600.02,2.665,5.0,0.84,788.13
1773022142.8028033,52.1,0x80000,1900.03,3.98,10.3,0.84,788.27
1773022142.9522614,53.2,0x80000,1600.02,2.579,8.3,0.84,787.52
1773022143.1006331,52.7,0x80000,1600.01,3.147,8.5,0.84,787.27
1773022143.2486615,52.7,0x80000,1600.01,3.088,5.2,0.84,786.52
1773022143.3957636,52.1,0x80000,1600.01,3.738,6.9,0.84,786.27
1773022143.5426166,52.1,0x80000,1600.01,3.769,8.3,0.84,785.52
1773022143.6968973,52.1,0x80000,1800.03,3.17,13.3,0.84,786.96
1773022143.843812,52.7,0x80000,1600.02,2.847,10.3,0.83,793.8
1773022143.9916584,52.7,0x80000,1700.02,4.366,15.3,0.81,811.56
1773022144.1337523,54.9,0x80000,2400.03,3.092,25.0,0.77,858.21
1773022144.2806637,54.3,0x80000,1600.01,3.079,5.2,0.77,857.96
1773022144.4374173,53.2,0x80000,1700.01,2.96,6.3,0.77,857.46
1773022144.595645,53.8,0x80000,1700.02,2.495,6.3,0.78,856.71
1773022144.7429461,52.1,0x80000,1700.02,3.114,10.3,0.77,863.57
1773022144.8847814,54.3,0x80000,2400.04,3.774,30.4,0.74,903.74
1773022145.0343273,53.2,0x80000,1700.02,3.291,10.2,0.73,908.21
1773022145.1812923,52.7,0x80000,1600.02,2.623,5.2,0.74,908.21
1773022145.3308897,52.1,0x80000,1700.02,2.984,6.6,0.73,908.21
1773022145.5912817,53.2,0x80000,1600.02,2.685,11.7,0.73,922.36
1773022145.7380514,52.7,0x80000,2400.03,4.219,15.3,0.72,923.22
1773022145.8810084,54.9,0x80000,2400.03,2.943,35.2,0.72,919.8
1773022146.0294924,52.7,0x80000,1600.02,3.511,6.8,0.72,919.55
1773022146.177739,52.7,0x80000,1600.02,2.789,10.2,0.72,919.05
1773022146.3410578,52.7,0x80000,2200.03,3.079,21.9,0.73,914.55
1773022146.4889882,53.8,0x80000,1600.02,2.688,10.2,0.73,914.05
1773022146.6497557,54.3,0x80000,1800.02,2.672,9.2,0.73,913.82
1773022146.7957435,52.1,0x80000,1600.02,3.33,13.8,0.72,914.17
1773022146.9661283,53.2,0x80000,1600.02,2.828,13.4,0.72,909.36
1773022147.1146133,52.7,0x80000,1600.02,2.635,15.0,0.72,909.86
1773022147.2652135,53.8,0x80000,1700.02,2.505,11.9,0.72,910.1
1773022147.4119744,52.7,0x80000,1600.01,2.639,6.8,0.72,909.85
1773022147.5591376,52.7,0x80000,1600.02,2.557,5.3,0.72,909.1
1773022147.7061374,52.7,0x80000,1600.02,2.563,8.5,0.73,908.6
1773022147.8502567,53.2,0x80000,1700.02,3.176,10.5,0.72,908.35
1773022147.997125,53.8,0x80000,1700.02,2.523,6.8,0.72,907.6
1773022148.144151,52.7,0x80000,1600.02,2.699,6.9,0.73,906.85
1773022148.2908988,52.7,0x80000,1600.02,2.605,6.9,0.73,906.35
1773022148.4380736,52.1,0x80000,1600.02,2.802,3.4,0.73,906.1
1773022148.5853498,52.7,0x80000,1600.02,2.653,5.2,0.73,905.85
1773022148.7300785,53.8,0x80000,2300.04,2.682,10.5,0.73,905.35
1773022148.8795643,53.8,0x80000,1700.02,2.548,5.1,0.73,905.1
1773022149.0312948,51.0,0x80000,2400.02,3.123,37.7,0.74,896.35
1773022149.179776,52.7,0x80000,1600.02,2.56,16.4,0.74,896.1
1773022149.3274841,52.1,0x80000,1600.02,2.629,18.6,0.74,891.6
1773022149.475469,53.8,0x80000,1500.02,3.811,24.1,0.74,888.85
1773022149.6799805,53.2,0x80000,1500.01,2.836,18.3,0.74,888.35
1773022149.829793,54.3,0x80000,2400.03,4.202,20.3,0.74,888.35
1773022149.998651,53.8,0x80000,1600.02,2.648,21.2,0.74,884.1
1773022150.1475282,52.7,0x80000,1600.02,2.606,10.0,0.74,883.6
1773022150.294409,52.7,0x80000,2000.02,2.567,17.5,0.75,879.35
1773022150.4423192,54.3,0x80000,2300.03,2.811,15.3,0.76,874.85
1773022150.588608,52.7,0x80000,1600.02,2.689,15.3,0.75,874.6
1773022150.736301,51.6,0x80000,2200.03,3.059,20.7,0.76,869.35
1773022150.8868203,54.3,0x80000,1600.02,3.935,28.3,0.76,865.35
1773022151.0373797,54.3,0x80000,1700.02,5.285,24.6,0.76,860.6
1773022151.1832519,54.9,0x80000,1600.02,2.735,6.9,0.76,860.35
1773022151.3301282,53.2,0x80000,1600.01,2.578,6.8,0.76,859.85
1773022151.4783916,53.2,0x80000,1700.02,2.832,5.2,0.76,859.6
1773022151.6254036,52.7,0x80000,1600.02,2.77,6.8,0.76,859.35
1773022151.7735941,52.7,0x80000,1800.02,4.188,13.8,0.76,858.85
1773022151.9205158,52.7,0x80000,1600.01,2.907,8.5,0.76,858.6
1773022152.0782342,53.2,0x80000,1600.02,2.72,6.5,0.76,858.1
1773022152.2282898,53.2,0x80000,1600.02,2.223,16.7,0.77,853.35
1773022152.3800015,53.2,0x80000,2100.03,2.544,16.4,0.77,852.6
1773022152.5303493,53.8,0x80000,1700.02,3.524,16.9,0.77,848.35
1773022152.6773908,52.1,0x80000,2000.02,3.481,8.8,0.77,848.55
1773022152.8234425,53.8,0x80000,1600.02,2.374,8.3,0.77,848.3
1773022152.9707613,54.3,0x80000,1700.02,2.253,11.9,0.77,844.05
1773022153.128677,52.1,0x80000,1700.02,2.49,9.8,0.77,843.8
1773022153.2780638,53.2,0x80000,1900.02,3.433,22.6,0.77,843.8
1773022153.4297154,53.8,0x80000,1700.02,2.804,5.1,0.77,843.55
1773022153.5799696,52.7,0x80000,1700.02,2.681,6.7,0.77,843.55
1773022153.7269392,52.1,0x80000,1700.01,2.542,13.6,0.77,843.55
1773022153.8765688,52.1,0x80000,1800.03,2.6,6.7,0.77,843.55
1773022154.0242653,53.8,0x80000,1500.02,2.795,3.5,0.77,843.3
1773022154.171191,53.2,0x80000,1900.02,2.887,15.0,0.77,843.05
1773022154.3188152,52.1,0x80000,1700.02,2.819,3.5,0.77,842.8
1773022154.4660995,52.1,0x80000,1600.02,2.808,5.3,0.77,842.8
1773022154.6165645,53.2,0x80000,1700.02,3.724,13.6,0.77,842.55
1773022154.7632577,52.7,0x80000,1700.02,3.101,10.2,0.78,842.55
1773022154.910336,52.7,0x80000,1600.02,2.648,13.6,0.78,842.3
1773022155.0574229,53.2,0x80000,1600.02,2.575,5.2,0.78,841.8
1773022155.2048965,52.1,0x80000,1600.02,2.555,8.6,0.78,840.55
1773022155.3528986,52.7,0x80000,1500.02,2.742,6.9,0.78,840.3
1773022155.4984646,52.7,0x80000,2400.02,3.721,24.6,0.77,842.7
1773022155.6449845,54.3,0x80000,2300.03,3.015,23.7,0.75,871.83
1773022155.791329,52.7,0x80000,1700.02,2.86,5.3,0.75,871.33
1773022155.9336443,53.2,0x80000,2400.03,3.976,30.4,0.75,879.79
1773022156.075369,53.2,0x80000,2400.02,4.418,35.1,0.74,892.41
1773022156.2173133,53.8,0x80000,2400.03,5.831,29.8,0.73,903.99
1773022156.3616393,53.8,0x80000,2400.02,4.057,37.5,0.71,927.4
1773022156.5036557,54.9,0x80000,2400.03,2.942,26.8,0.71,930.77
1773022156.647868,54.3,0x80000,2400.02,4.289,22.4,0.71,930.77
1773022156.7939804,53.8,0x80000,1600.01,2.879,10.3,0.71,930.02
1773022156.9399798,53.2,0x80000,1600.02,3.192,10.5,0.71,930.02
1773022157.087439,53.2,0x80000,1600.01,2.937,5.1,0.71,929.77
1773022157.2354352,53.2,0x80000,1600.01,2.638,12.3,0.72,925.77
1773022157.3838668,53.2,0x80000,1600.02,3.083,11.7,0.72,925.77
1773022157.586939,53.8,0x80000,2300.03,2.712,6.3,0.72,925.52
1773022157.737232,53.2,0x80000,1600.02,2.682,8.3,0.72,925.02
1773022158.0854955,53.8,0x80000,1700.01,3.778,13.9,0.7,922.77
1773022158.2340093,53.2,0x80000,1600.01,2.929,13.6,0.71,917.52
1773022158.3809166,53.8,0x80000,1600.02,2.81,10.0,0.71,916.52
1773022158.528615,52.7,0x80000,1600.02,4.254,8.6,0.71,915.27
1773022158.6765752,54.3,0x80000,1700.03,3.795,12.1,0.71,914.77
1773022158.822965,52.7,0x80000,1700.02,3.028,15.3,0.71,914.02
1773022158.9722064,52.7,0x80000,1700.02,2.759,5.1,0.71,913.02
1773022159.1189897,52.7,0x80000,1600.02,2.639,5.3,0.71,912.52
1773022159.2685897,53.2,0x80000,2100.02,2.9,13.6,0.71,908.42
1773022159.42212,53.2,0x80000,1700.02,5.613,21.3,0.71,907.42
1773022159.5825927,53.8,0x80000,1600.02,2.562,11.1,0.72,902.67
1773022159.7297611,52.7,0x80000,2400.03,2.557,10.5,0.72,901.92
1773022159.8901422,52.7,0x80000,2400.03,3.68,26.2,0.72,900.42
1773022160.0373769,53.2,0x80000,1600.02,2.699,10.3,0.72,897.92
1773022160.1884415,53.2,0x80000,1700.02,2.638,11.7,0.73,892.92
1773022160.344496,52.7,0x80000,2400.03,2.767,19.7,0.72,892.42
1773022160.4927633,53.2,0x80000,1500.02,3.146,6.8,0.72,892.17
1773022160.6418278,53.8,0x80000,1800.02,2.694,10.2,0.72,891.67
1773022160.7900982,52.7,0x80000,1600.02,2.597,24.6,0.73,886.67
1773022160.9370632,52.7,0x80000,1600.02,2.515,7.0,0.73,886.17
1773022161.0853918,53.2,0x80000,1900.02,2.991,11.9,0.73,885.67
1773022161.2324839,52.7,0x80000,1600.02,3.101,10.3,0.73,881.17
1773022161.3816268,52.1,0x80000,1700.01,3.167,6.8,0.73,880.92
1773022161.5341299,53.2,0x80000,2000.02,2.743,15.0,0.73,880.42
1773022161.684917,53.8,0x80000,2400.03,3.863,15.0,0.73,881.68
1773022161.8626587,53.8,0x80000,1600.02,2.61,11.4,0.73,883.83
1773022162.0115786,52.7,0x80000,1500.02,2.85,11.7,0.73,879.33
1773022162.1654804,53.8,0x80000,2400.02,3.936,23.0,0.73,878.58
1773022162.3128197,54.9,0x80000,1700.02,3.088,23.7,0.73,878.58
1773022162.4636881,53.8,0x80000,1700.02,2.59,6.9,0.73,877.83
1773022162.6125846,52.7,0x80000,1800.03,2.767,8.5,0.73,877.58
1773022162.7593265,54.3,0x80000,1600.01,2.673,11.9,0.74,872.33
1773022162.9075246,52.7,0x80000,1700.02,2.932,12.1,0.74,871.83
1773022163.0571246,53.2,0x80000,1700.02,2.526,10.2,0.74,871.33
1773022163.208036,53.8,0x80000,1600.02,5.636,13.1,0.74,870.83
1773022163.3581955,52.7,0x80000,2300.02,3.589,13.6,0.74,866.08
1773022163.508638,54.3,0x80000,1700.02,2.513,6.8,0.74,865.83
1773022163.6594992,52.7,0x80000,1700.02,2.815,19.7,0.74,864.83
1773022163.8093302,53.2,0x80000,1700.02,2.525,8.3,0.74,864.58
1773022163.9584594,52.1,0x80000,1600.02,2.787,6.9,0.74,864.08
1773022164.106766,52.7,0x80000,1700.02,3.884,16.7,0.75,859.08
1773022164.2546077,53.2,0x80000,2000.02,3.395,13.6,0.75,858.58
1773022164.4016242,53.2,0x80000,1600.01,2.868,8.8,0.75,858.58
1773022164.5486789,52.1,0x80000,1600.02,2.572,6.8,0.75,857.83
1773022164.695565,52.1,0x80000,1700.01,2.621,10.3,0.75,853.83
1773022164.849196,54.3,0x80000,2400.03,2.691,19.7,0.75,852.83
1773022164.996357,54.3,0x80000,1600.02,3.936,15.3,0.75,851.83
1773022165.1458466,53.2,0x80000,1800.02,3.534,8.5,0.75,851.08
1773022165.298811,53.2,0x80000,1700.01,2.506,8.3,0.75,850.33
1773022165.45175,53.2,0x80000,1700.01,2.812,6.6,0.75,850.08
1773022165.5986793,53.8,0x80000,1600.02,2.759,8.6,0.75,849.58
1773022165.7453823,53.8,0x80000,1600.02,2.819,6.9,0.75,849.33
1773022165.8952684,53.8,0x80000,1600.02,2.593,8.3,0.75,848.58
1773022166.0444236,52.1,0x80000,1800.02,2.841,3.4,0.76,848.33
1773022166.1914709,53.8,0x80000,1600.02,2.623,8.5,0.76,848.08
1773022166.33838,52.7,0x80000,1600.02,2.809,5.2,0.75,847.33
1773022166.485528,52.1,0x80000,1600.02,2.587,6.9,0.76,846.83
1773022166.6351807,52.7,0x80000,1500.01,3.193,8.3,0.76,846.58
1773022166.7825077,53.2,0x80000,1700.02,2.815,6.8,0.76,846.08
1773022166.9321208,52.1,0x80000,1700.02,2.85,5.2,0.76,846.08
1773022167.078995,51.6,0x80000,1700.02,2.563,5.2,0.76,846.08
1773022167.226721,52.7,0x80000,1600.01,3.399,10.3,0.76,845.83
1773022167.378377,52.7,0x80000,1600.01,4.022,10.0,0.76,845.33
1773022167.526991,52.1,0x80000,1700.02,3.188,8.3,0.76,844.83
1773022167.6777263,53.8,0x80000,1800.02,2.663,9.7,0.76,844.58
1773022167.8276649,53.2,0x80000,1700.02,3.882,5.2,0.77,844.08
1773022167.9741888,52.1,0x80000,1700.02,2.583,6.8,0.77,843.83
1773022168.1215596,53.2,0x80000,1600.01,3.39,10.0,0.76,843.58
1773022168.273958,53.2,0x80000,1600.01,2.611,11.5,0.77,842.83
1773022168.4269898,52.1,0x80000,1800.02,3.591,9.7,0.77,842.58
1773022168.5775998,52.1,0x80000,1700.02,2.699,3.4,0.76,842.08
1773022168.727512,52.1,0x80000,1700.02,2.522,11.9,0.77,841.58
1773022168.8743842,52.7,0x80000,1700.02,2.566,5.2,0.77,841.58
1773022169.0237763,52.7,0x80000,1600.02,2.873,5.1,0.77,841.33
1773022169.1731515,53.2,0x80000,1700.02,2.768,5.1,0.77,841.33
1773022169.3200011,53.2,0x80000,1600.02,2.861,5.2,0.77,840.83
1773022169.4679785,52.1,0x80000,1800.02,3.885,15.3,0.77,840.75
1773022169.6176531,53.8,0x80000,1800.03,2.796,18.3,0.77,840.5
1773022169.7635126,52.7,0x80000,1600.02,2.878,7.0,0.77,840.25
1773022169.9105875,54.3,0x80000,1600.02,2.635,6.9,0.77,839.75
1773022170.0605936,52.1,0x80000,1700.02,2.778,10.0,0.77,839.5
1773022170.209242,53.2,0x80000,1700.02,2.631,8.6,0.77,838.75
1773022170.356207,50.5,0x80000,1600.01,2.651,5.2,0.77,838.25
1773022170.5019665,53.2,0x80000,1600.01,2.807,10.5,0.77,838.25
1773022170.6491845,52.7,0x80000,1600.01,2.568,6.8,0.77,838.25
1773022170.7961574,52.1,0x80000,1500.02,2.849,3.6,0.77,838.0
1773022170.9413486,52.1,0x80000,2400.03,2.867,8.6,0.77,837.5
1773022171.088327,52.1,0x80000,1600.02,2.668,8.5,0.77,836.5
1773022171.2645674,52.1,0x80000,1600.02,2.77,5.8,0.77,836.25
1773022171.413973,52.1,0x80000,1700.01,2.527,8.5,0.77,836.36
1773022171.5620375,52.7,0x80000,1600.01,2.537,5.2,0.77,836.11
1773022171.7091494,51.6,0x80000,1600.02,3.236,6.8,0.77,835.61
1773022171.8582428,52.1,0x80000,1600.01,2.863,6.8,0.77,835.11
1773022172.0053842,51.6,0x80000,1600.02,2.594,5.2,0.77,834.86
1773022172.151951,53.2,0x80000,1600.01,3.713,11.9,0.77,834.86
1773022172.2988465,52.1,0x80000,1600.01,3.159,5.1,0.77,834.86
1773022172.4456797,53.2,0x80000,1600.02,2.648,3.5,0.77,834.86
1773022172.5958421,53.8,0x80000,1700.02,2.54,8.2,0.77,834.86
1773022172.7459393,52.1,0x80000,1700.02,2.649,6.7,0.77,834.86
1773022172.8968627,53.2,0x80000,1600.01,2.618,6.8,0.77,834.36
1773022173.0434356,53.2,0x80000,2200.02,2.602,11.9,0.77,834.11
1773022173.1927326,52.1,0x80000,1700.02,2.735,11.7,0.77,833.36
1773022173.3385873,52.7,0x80000,1900.01,3.593,19.3,0.78,828.61
1773022173.4844115,53.2,0x80000,1900.02,2.556,22.4,0.79,819.11
1773022173.632244,54.3,0x80000,1600.02,2.933,8.5,0.78,818.86
1773022173.7783334,52.7,0x80000,1900.02,2.745,17.2,0.78,819.11
1773022173.9250584,52.7,0x80000,1700.03,2.643,5.2,0.78,819.11
1773022174.072387,53.8,0x80000,1700.02,2.632,8.3,0.78,819.11
1773022174.218425,53.2,0x80000,2300.03,4.062,11.7,0.78,818.86
1773022174.3658526,52.1,0x80000,1700.02,2.581,5.4,0.78,818.86
1773022174.5128684,52.7,0x80000,1600.02,2.658,6.8,0.78,818.86
1773022174.6608424,52.1,0x80000,1800.02,3.845,8.6,0.78,819.11
1773022174.8077693,53.2,0x80000,1600.02,2.699,8.5,0.78,819.11
1773022174.9547098,52.1,0x80000,1600.02,2.559,5.1,0.78,818.86
1773022175.1019084,52.1,0x80000,1700.02,2.537,5.3,0.78,818.86
1773022175.2506642,52.7,0x80000,1700.02,2.685,8.2,0.78,818.86
1773022175.3994184,52.7,0x80000,1500.02,2.793,6.8,0.78,818.86
1773022175.5481925,53.2,0x80000,1800.02,2.758,13.3,0.78,819.11
1773022175.6957057,52.1,0x80000,1700.02,2.577,3.5,0.78,819.11
1773022175.8427286,53.8,0x80000,1700.01,2.98,5.1,0.78,819.11
1773022175.9896567,52.1,0x80000,1700.02,2.587,5.2,0.78,819.11
1773022176.140042,52.1,0x80000,1700.02,2.523,5.1,0.78,819.11
1773022176.2858043,53.8,0x80000,2400.03,3.652,27.6,0.77,819.86
1773022176.4285924,54.3,0x80000,2400.03,3.341,25.9,0.76,843.09
1773022176.5817864,53.2,0x80000,1800.02,2.763,5.0,0.76,843.09
1773022176.7310345,52.7,0x80000,1600.01,2.851,6.7,0.76,843.09
1773022176.878287,52.1,0x80000,1600.01,2.653,5.2,0.76,843.09
1773022177.0739202,53.8,0x80000,1600.02,2.904,10.1,0.76,843.09
1773022177.223034,52.1,0x80000,1600.02,2.581,5.1,0.76,842.84
1773022177.3734488,53.2,0x80000,1700.01,2.725,5.0,0.76,842.84
1773022177.5203223,52.1,0x80000,1600.02,2.937,6.8,0.76,842.84
1773022177.6676824,53.8,0x80000,1700.02,2.829,6.7,0.76,842.84
1773022177.8145735,52.1,0x80000,1600.01,2.59,6.8,0.76,842.84
1773022177.965071,52.7,0x80000,1700.02,2.754,8.6,0.76,842.09
1773022178.1121264,52.1,0x80000,1700.01,2.574,6.8,0.76,842.09
1773022178.2628417,51.6,0x80000,1600.02,2.613,8.3,0.76,841.84
1773022178.4098225,52.1,0x80000,1700.02,3.009,6.8,0.76,841.84
1773022178.5572405,52.7,0x80000,1600.02,3.122,11.9,0.76,841.84
1773022178.7044647,52.1,0x80000,1600.02,2.677,6.8,0.77,841.84
1773022178.8514626,51.6,0x80000,1600.02,2.803,6.9,0.76,841.84
1773022179.0039217,52.7,0x80000,1800.03,2.986,6.8,0.77,839.59
1773022179.1505315,52.1,0x80000,1700.01,2.827,6.8,0.77,839.09
1773022179.2975528,53.8,0x80000,1600.02,2.854,6.8,0.77,839.09
1773022179.450694,51.6,0x80000,1700.01,2.668,11.9,0.77,838.09
1773022179.5969234,52.1,0x80000,1600.02,2.863,11.7,0.77,837.34
1773022179.7473743,52.1,0x80000,1800.03,2.604,6.7,0.77,837.09
1773022179.8980114,52.1,0x80000,1700.02,2.84,6.6,0.77,836.84
1773022180.0450914,51.6,0x80000,1600.02,2.701,5.2,0.77,836.84
1773022180.195969,52.7,0x80000,1600.02,2.523,6.7,0.77,836.84
1773022180.3394232,52.7,0x80000,2400.02,3.107,8.8,0.76,836.84
1773022180.4854734,53.8,0x80000,1600.01,2.618,7.0,0.77,836.59
1773022180.6350539,52.1,0x80000,1700.02,2.524,6.7,0.76,836.34
1773022180.7861617,52.1,0x80000,1800.02,2.797,6.7,0.77,836.34
1773022180.933382,52.1,0x80000,1500.02,2.596,5.2,0.76,836.34
1773022181.0791123,52.7,0x80000,1700.02,2.594,6.8,0.76,835.59
1773022181.2323768,52.1,0x80000,1800.02,2.893,11.5,0.76,835.59
1773022181.379716,53.2,0x80000,1600.02,2.683,6.8,0.76,835.59
1773022181.5265856,51.6,0x80000,1600.02,3.878,11.9,0.76,835.59
1773022181.6736684,52.1,0x80000,1700.02,2.772,5.1,0.76,835.59
1773022181.8242142,52.1,0x80000,1700.02,2.542,5.1,0.76,835.59
1773022181.971242,52.1,0x80000,1700.02,2.976,6.8,0.77,835.59
1773022182.1192632,52.1,0x80000,1600.02,3.409,6.7,0.77,835.59
1773022182.2680676,51.0,0x80000,2400.02,3.036,10.2,0.76,835.59
1773022182.4150982,53.2,0x80000,1600.02,2.571,5.2,0.76,835.59
1773022182.5647476,53.8,0x80000,1700.02,3.279,6.6,0.77,835.59
1773022182.7117314,52.1,0x80000,1600.01,2.6,5.2,0.77,835.59
1773022182.8615482,52.1,0x80000,1700.02,2.766,8.3,0.76,835.59
1773022183.008531,53.2,0x80000,1700.01,2.658,6.9,0.76,835.59
1773022183.1557062,52.7,0x80000,1600.02,2.738,10.3,0.76,835.59
1773022183.3040063,51.6,0x80000,1500.02,2.655,8.3,0.77,835.59
1773022183.4512646,52.1,0x80000,1600.01,2.562,6.8,0.77,835.59
1773022183.6004043,52.7,0x80000,1500.02,3.058,5.1,0.77,835.59
1773022183.747337,52.7,0x80000,1700.01,2.582,6.8,0.77,835.59
1773022183.898558,52.1,0x80000,1800.02,2.524,6.8,0.77,835.59
1773022184.0455709,52.1,0x80000,1600.02,2.744,6.9,0.77,835.59
1773022184.1925163,52.1,0x80000,1700.01,2.581,6.7,0.77,835.59
1773022184.3403447,52.7,0x80000,1700.01,4.269,13.6,0.77,835.59
1773022184.4876847,52.7,0x80000,1500.02,2.815,5.2,0.77,835.59
1773022184.6406605,51.0,0x80000,1800.02,2.738,5.0,0.77,835.59
1773022184.7876344,52.1,0x80000,1600.01,2.555,6.8,0.77,835.34
1773022184.9345858,52.7,0x80000,1700.02,2.86,6.8,0.77,835.34
1773022185.088885,51.6,0x80000,1900.02,6.811,26.7,0.77,833.59
1773022185.2454824,53.8,0x80000,2000.02,4.457,40.3,0.77,833.59
1773022185.4094822,54.3,0x80000,2100.02,2.779,74.2,0.78,823.59
1773022185.556639,53.2,0x80000,1600.02,2.547,6.8,0.78,823.59
1773022185.7063217,52.7,0x80000,1700.03,2.517,5.1,0.78,823.59
1773022185.855525,52.7,0x80000,1900.02,3.735,11.9,0.77,823.59
1773022186.0025313,52.1,0x80000,1600.01,3.07,6.8,0.77,823.59
1773022186.1566975,52.7,0x80000,2100.02,3.529,8.2,0.77,823.59
1773022186.305801,51.6,0x80000,2000.02,2.668,8.5,0.77,823.59
1773022186.4562962,53.2,0x80000,1900.02,2.798,10.3,0.77,823.59
1773022186.598266,52.1,0x80000,2400.02,5.301,17.5,0.77,823.34
1773022186.7453682,52.7,0x80000,1600.02,2.713,6.8,0.77,823.34
1773022186.889303,52.7,0x80000,2400.04,2.708,10.5,0.77,823.34
1773022187.0406182,52.7,0x80000,1800.02,4.2,14.8,0.78,819.34
1773022187.1905868,53.2,0x80000,1700.02,2.758,6.6,0.78,819.34
1773022187.3396788,52.1,0x80000,1700.02,2.582,12.7,0.78,819.34
1773022187.4880407,52.7,0x80000,2000.02,4.276,7.0,0.77,819.34
1773022187.6439683,52.1,0x80000,1600.01,3.065,6.5,0.78,819.34
1773022187.7901251,52.1,0x80000,1600.02,2.881,5.2,0.77,819.34
1773022187.9407146,52.1,0x80000,1700.01,2.605,6.7,0.77,819.34
1773022188.0900424,53.8,0x80000,1600.01,2.986,5.1,0.77,819.34
1773022188.2346435,52.1,0x80000,2200.02,3.086,5.3,0.78,819.09
1773022188.3815272,52.7,0x80000,1700.02,2.93,11.9,0.77,819.09
1773022188.528516,51.6,0x80000,1600.02,2.875,8.6,0.79,819.09
1773022188.7083185,53.8,0x80000,1500.02,2.53,5.6,0.78,819.09
1773022188.857939,52.1,0x80000,1700.02,2.524,11.9,0.79,815.09
1773022189.0062497,53.8,0x80000,1800.03,4.184,11.9,0.78,815.09
1773022189.1531851,53.2,0x80000,1600.02,2.605,3.5,0.78,815.09
1773022189.300594,52.1,0x80000,1700.01,2.534,8.2,0.78,815.09
1773022189.4554913,53.2,0x80000,1700.02,2.521,4.9,0.78,815.09
1773022189.6025617,51.6,0x80000,1700.02,2.532,5.2,0.78,815.09
1773022189.7499218,52.1,0x80000,1600.02,2.809,6.9,0.78,815.09
1773022189.898458,53.2,0x80000,1700.02,2.555,11.5,0.78,815.09
1773022190.0455532,53.2,0x80000,1700.01,2.571,1.8,0.78,815.09
1773022190.1897588,52.7,0x80000,2200.02,2.839,12.1,0.78,815.09
1773022190.3482232,54.3,0x80000,1700.02,2.574,9.2,0.78,815.09
1773022190.4988923,51.6,0x80000,1700.01,2.624,3.4,0.78,815.09
1773022190.6804388,53.2,0x80000,2200.03,3.815,9.7,0.78,815.09
1773022190.8302844,52.7,0x80000,1800.02,2.536,6.7,0.78,815.09
1773022190.9775627,51.6,0x80000,1600.02,2.639,10.0,0.78,815.09
1773022191.1268976,52.1,0x80000,1700.01,2.518,5.1,0.78,815.09
1773022191.2741435,52.1,0x80000,1600.01,2.603,6.9,0.78,815.09
1773022191.4249208,51.6,0x80000,1600.02,4.051,17.7,0.78,815.09
1773022191.5865774,52.7,0x80000,1600.02,2.527,18.5,0.78,815.09
1773022191.7367637,52.1,0x80000,1700.02,3.128,11.5,0.78,815.09
1773022191.886194,52.1,0x80000,1800.02,3.133,11.9,0.78,815.09
1773022192.032437,53.2,0x80000,1600.02,3.243,3.4,0.78,815.09
1773022192.183497,52.7,0x80000,1700.01,2.601,5.1,0.78,815.09
1773022192.3307803,53.2,0x80000,1600.02,2.797,12.1,0.78,815.09
1773022192.4784968,53.2,0x80000,1700.02,2.551,8.5,0.79,815.09
1773022192.6253219,52.1,0x80000,1700.02,3.397,5.1,0.79,815.09
1773022192.7710207,53.2,0x80000,2400.03,3.097,13.3,0.78,815.09
1773022192.918664,53.8,0x80000,1600.02,4.831,14.0,0.78,815.09
1773022193.0735073,53.2,0x80000,1900.02,3.888,54.1,0.78,815.09
1773022193.2227929,53.2,0x80000,1700.03,2.587,8.6,0.78,815.09
1773022193.367444,52.7,0x80000,1700.02,2.596,10.5,0.78,815.09
1773022193.5197673,53.8,0x80000,1700.01,2.573,10.0,0.78,814.84
1773022193.668736,52.1,0x80000,1700.02,2.663,10.0,0.78,814.84
1773022193.815763,53.2,0x80000,1700.02,2.565,5.1,0.78,814.84
1773022193.9667034,52.1,0x80000,1700.02,2.866,5.1,0.78,814.84
1773022194.1154563,52.7,0x80000,1500.02,2.802,6.7,0.78,814.84
1773022194.2673504,52.1,0x80000,2400.03,3.815,10.0,0.78,814.84
1773022194.4143717,52.1,0x80000,1600.01,2.679,5.2,0.78,814.84
1773022194.569182,52.1,0x80000,1600.02,3.265,6.5,0.78,814.84
1773022194.7160478,52.1,0x80000,1700.02,2.862,5.2,0.78,814.84
1773022194.8632174,52.1,0x80000,1600.01,2.642,6.8,0.78,814.84
1773022195.0127444,51.6,0x80000,1800.02,2.613,8.5,0.78,814.84
1773022195.160416,54.3,0x80000,2400.02,2.954,13.6,0.79,814.84
1773022195.308691,52.1,0x80000,1600.02,2.607,5.2,0.79,814.84
1773022195.4552917,52.1,0x80000,1700.01,2.539,6.7,0.79,814.84
1773022195.60486,53.2,0x80000,1700.01,2.843,10.2,0.79,814.84
1773022195.7645824,53.8,0x80000,1900.02,3.725,20.0,0.79,814.84
1773022195.9124668,52.7,0x80000,2100.03,2.673,12.1,0.79,814.84
1773022196.0598578,52.1,0x80000,1600.02,2.775,8.6,0.79,814.84
1773022196.2095032,52.1,0x80000,1700.02,3.77,23.3,0.78,817.44
1773022196.372783,52.7,0x80000,2400.04,2.825,28.8,0.78,817.44
1773022196.5317128,52.7,0x80000,2400.03,3.865,28.1,0.77,823.77
1773022196.676215,53.8,0x80000,2400.03,3.778,21.1,0.77,827.77
1773022196.8185885,53.8,0x80000,2400.02,3.752,36.8,0.76,839.38
1773022196.9606616,53.8,0x80000,2400.02,3.816,29.8,0.75,852.34
1773022197.102863,54.9,0x80000,2400.03,3.749,37.5,0.74,861.07
1773022197.2482855,55.4,0x80000,2400.02,4.961,35.1,0.74,874.3
1773022197.4326715,54.3,0x80000,2400.03,4.202,34.7,0.77,892.6
1773022197.6258223,54.9,0x80000,2400.03,5.842,41.6,0.76,908.95
1773022197.7956502,54.3,0x80000,2400.03,3.996,34.8,0.75,926.95
1773022198.1075273,54.9,0x80000,2300.03,3.12,46.7,0.75,943.41
1773022198.254959,54.3,0x80000,1700.02,2.688,10.0,0.75,943.41
1773022198.4028783,53.8,0x80000,1600.01,2.873,6.9,0.75,943.41
1773022198.555653,53.8,0x80000,1800.02,3.944,22.0,0.7,940.66
1773022198.7197611,54.9,0x80000,1900.02,2.901,16.7,0.7,940.41
1773022198.868981,53.8,0x80000,2300.02,2.723,21.1,0.7,940.41
1773022199.016195,54.9,0x80000,1600.02,2.803,8.5,0.7,940.41
1773022199.165795,53.8,0x80000,1700.02,2.508,5.1,0.7,940.41
1773022199.3168058,54.3,0x80000,1700.01,2.625,6.6,0.7,940.41
1773022199.4663317,53.8,0x80000,1700.02,3.085,12.1,0.7,940.41
1773022199.6209888,52.7,0x80000,1700.01,2.826,4.9,0.7,939.41
1773022199.768478,52.7,0x80000,1600.02,3.234,15.5,0.7,939.41
1773022199.9186058,53.8,0x80000,2000.02,3.054,33.3,0.7,939.41
1773022200.0928712,52.7,0x80000,1900.03,3.007,18.8,0.69,939.41
1773022200.2448702,53.2,0x80000,1700.02,5.428,37.7,0.7,935.66
1773022200.4258668,56.5,0x80000,2300.03,6.336,93.0,0.69,935.66
1773022200.593525,56.5,0x80000,2400.04,5.298,92.5,0.69,936.14
1773022200.7670655,56.5,0x80000,2400.02,6.659,84.1,0.69,935.89
1773022200.9219909,55.4,0x80000,1800.03,2.84,40.0,0.69,935.89
1773022201.0910065,57.1,0x80000,2400.02,5.098,92.5,0.69,935.89
1773022201.2464638,57.6,0x80000,2400.03,4.386,68.9,0.69,935.39
1773022201.418296,56.0,0x80000,2200.02,3.535,31.9,0.69,936.14
1773022201.5786672,54.9,0x80000,1800.02,2.482,14.3,0.69,935.64
1773022201.7262092,54.3,0x80000,1700.02,2.873,10.3,0.69,935.64
1773022201.8892386,56.0,0x80000,2400.02,6.649,63.6,0.68,944.84
1773022202.0450797,57.6,0x80000,2400.03,6.79,95.1,0.68,951.16
1773022202.1994796,58.7,0x80000,2400.03,6.701,95.0,0.68,957.11
1773022202.359459,58.7,0x80000,2400.03,5.781,88.9,0.67,957.48
1773022202.515731,56.0,0x80000,2100.02,3.107,42.9,0.68,957.48
1773022202.6618373,56.0,0x80000,1900.02,2.573,29.8,0.68,957.48
1773022202.8201454,56.5,0x80000,2400.03,7.17,77.4,0.68,957.48
1773022202.977567,58.2,0x80000,2400.03,5.64,73.0,0.67,957.54
1773022203.1490495,59.3,0x80000,2400.02,6.837,94.2,0.67,957.04
1773022203.3114057,59.3,0x80000,2400.02,5.843,95.2,0.68,953.79
1773022203.4786675,58.7,0x80000,2400.03,6.741,95.5,0.67,955.39
1773022203.6408665,60.4,0x80000,2400.02,6.506,95.5,0.67,956.33
1773022203.8027456,60.9,0x80000,2400.03,6.899,96.9,0.67,956.08
1773022203.9685004,59.8,0x80000,2300.02,7.183,90.6,0.67,955.83
1773022204.1298563,58.7,0x80000,2400.03,7.216,83.1,0.68,955.83
1773022204.3016586,59.8,0x80000,2400.02,7.114,98.5,0.67,955.83
1773022204.4696233,61.5,0x80000,2400.02,6.556,98.5,0.67,955.83
1773022204.6293747,60.4,0x80000,2400.04,5.117,96.8,0.67,955.58
1773022204.8000116,61.5,0x80000,2400.02,6.878,98.5,0.67,955.08
1773022204.97927,60.9,0x80000,2400.03,7.07,94.6,0.67,955.08
1773022205.150057,61.5,0x80000,2400.02,7.15,100.0,0.67,955.08
1773022205.3229907,61.5,0x80000,2400.03,6.705,98.6,0.67,955.08
1773022205.4956508,61.5,0x80000,2400.03,6.944,100.0,0.67,954.08
1773022205.6621318,63.1,0x80000,2300.03,6.545,97.0,0.67,953.58
1773022205.8468297,60.9,0x80000,2400.03,6.588,100.0,0.67,953.58
1773022206.0149941,63.1,0x80000,2400.02,7.261,97.0,0.68,953.33
1773022206.1959336,62.6,0x80000,2400.02,4.955,98.6,0.68,953.33
1773022206.3609595,61.5,0x80000,2400.02,7.054,98.5,0.68,953.08
1773022206.538103,63.1,0x80000,2400.02,6.894,97.1,0.68,953.08
1773022206.7112668,63.7,0x80000,2400.03,7.321,98.5,0.68,953.08
1773022206.874995,62.6,0x80000,2400.02,7.594,98.5,0.68,953.08
1773022207.0616217,62.6,0x80000,2400.03,5.443,97.3,0.67,952.79
1773022207.228512,62.0,0x80000,2400.02,6.767,94.0,0.67,951.04
1773022207.3930864,62.0,0x80000,2400.03,5.826,95.4,0.67,950.79
1773022207.5663936,64.2,0x80000,2400.02,7.307,97.1,0.67,950.79
1773022207.739232,62.6,0x80000,2400.03,5.754,97.1,0.68,950.79
1773022208.1049917,63.1,0x80000,2400.04,5.287,96.6,0.68,951.23
1773022208.2701323,64.2,0x80000,2400.03,7.327,92.5,0.66,951.75
1773022208.4348733,62.6,0x80000,2400.03,7.152,92.3,0.67,951.5
1773022208.599696,63.7,0x80000,2400.03,6.993,98.5,0.66,951.5
1773022208.7638535,64.8,0x80000,2400.03,6.627,96.9,0.66,951.5
1773022208.9306254,63.1,0x80000,2400.03,7.105,97.1,0.66,951.5
1773022209.09518,64.2,0x80000,2400.04,7.102,95.4,0.66,951.5
1773022209.261935,64.2,0x80000,2400.02,7.059,98.5,0.67,951.5
1773022209.4252536,63.7,0x80000,2400.02,7.246,98.4,0.67,951.5
1773022209.5999775,64.8,0x80000,2400.02,6.902,97.1,0.67,951.5
1773022209.7766352,63.1,0x80000,2400.02,7.023,98.6,0.67,951.5
1773022209.940432,63.7,0x80000,2400.03,6.553,95.5,0.66,951.25
1773022210.1137176,64.2,0x80000,2400.03,7.347,97.1,0.67,951.25
1773022210.2801201,65.3,0x80000,2400.03,7.008,98.5,0.67,951.25
1773022210.4522283,63.7,0x80000,2400.03,6.823,98.6,0.67,951.25
1773022210.7163355,63.7,0x80000,2400.03,6.731,98.1,0.67,951.0
1773022210.8867803,64.2,0x80000,2400.04,6.775,97.1,0.67,949.75
1773022211.0519898,64.8,0x80000,2400.02,6.71,93.8,0.67,948.85
1773022211.248515,63.1,0x80000,2400.03,6.486,91.1,0.67,948.8
1773022211.4007015,63.1,0x80000,2400.02,5.409,93.3,0.67,948.05
1773022211.55723,63.7,0x80000,2400.03,7.651,95.2,0.67,948.05
1773022211.7188237,64.8,0x80000,2400.03,5.192,92.3,0.66,951.8
1773022211.8883197,64.8,0x80000,2400.03,7.114,95.5,0.68,951.3
1773022212.0470254,63.7,0x80000,2400.02,7.077,95.2,0.68,951.3
1773022212.207168,64.8,0x80000,2400.02,7.199,98.4,0.68,951.3
1773022212.3748865,64.2,0x80000,2400.04,7.434,94.1,0.68,951.3
1773022212.5465004,65.3,0x80000,2400.03,7.335,95.6,0.68,951.3
1773022212.7477348,63.7,0x80000,2400.02,5.162,94.9,0.67,955.54
1773022212.9085774,64.8,0x80000,2400.03,5.163,88.9,0.67,959.11
1773022213.0639615,63.7,0x80000,2400.02,7.11,95.1,0.67,963.4
1773022213.2361562,63.7,0x80000,2400.02,6.767,92.8,0.67,966.86
1773022213.394833,64.2,0x80000,2400.03,7.043,98.4,0.67,966.86
1773022213.5544624,64.2,0x80000,2400.02,5.061,96.8,0.66,966.86
1773022213.7199247,63.7,0x80000,2400.03,6.726,98.5,0.66,966.86
1773022213.8911364,62.6,0x80000,2400.03,5.025,94.1,0.66,966.86
1773022214.0652843,64.2,0x80000,2400.03,5.274,97.1,0.66,966.86
1773022214.2229712,64.8,0x80000,2400.03,7.166,95.2,0.66,966.86
1773022214.3934822,64.2,0x80000,2400.02,7.282,97.1,0.66,966.86
1773022214.5655324,64.2,0x80000,2400.04,6.962,95.5,0.66,966.86
1773022214.7361462,65.3,0x80000,2400.04,7.337,98.6,0.66,966.86
1773022214.8970187,65.9,0x80000,2400.02,7.409,95.3,0.66,966.36
1773022215.0936952,64.8,0x80000,2400.02,6.897,97.4,0.65,963.76
1773022215.2721095,64.8,0x80000,2400.02,7.018,94.4,0.65,963.51
1773022215.4360285,65.3,0x80000,2400.04,5.349,93.9,0.65,963.51
1773022215.6065137,65.3,0x80000,2400.02,7.074,100.0,0.65,963.51
1773022215.786231,64.8,0x80000,2400.02,6.759,100.0,0.65,963.51
1773022215.9608197,64.8,0x80000,2400.03,7.112,98.6,0.65,963.51
1773022216.1299314,66.4,0x80000,2400.02,7.141,98.5,0.65,963.51
1773022216.2984426,65.3,0x80000,2400.03,7.339,92.6,0.65,963.51
1773022216.4734542,65.9,0x80000,2400.02,6.547,100.0,0.65,963.51
1773022216.6421618,64.8,0x80000,2400.03,4.871,97.1,0.65,963.51
1773022216.8090262,66.4,0x80000,2400.03,6.931,100.0,0.65,963.51
1773022216.9752655,64.8,0x80000,2400.03,7.297,98.5,0.65,963.51
1773022217.129817,65.3,0x80000,2400.04,7.356,96.7,0.65,963.26
1773022217.2981293,65.9,0x80000,2400.02,7.033,97.1,0.65,963.26
1773022217.4687328,66.4,0x80000,2400.02,7.01,100.0,0.65,962.01
1773022217.638815,65.3,0x80000,2400.02,3.77,95.5,0.65,961.51
1773022217.8035932,65.3,0x80000,2400.03,7.299,98.5,0.65,961.51
1773022217.9727578,65.3,0x80000,2400.03,7.343,95.6,0.65,961.51
1773022218.1352878,65.3,0x80000,2400.03,7.238,98.5,0.65,961.26
1773022218.309039,65.9,0x80000,2400.03,7.021,98.5,0.65,961.01
1773022218.4705675,66.4,0x80000,2400.04,7.06,96.9,0.65,961.01
1773022218.6407645,65.3,0x80000,2400.02,7.068,98.5,0.65,961.01
1773022218.8195643,65.3,0x80000,2400.03,6.895,98.6,0.65,961.01
1773022218.9870925,65.3,0x80000,2400.02,7.214,98.5,0.65,961.01
1773022219.1520846,65.3,0x80000,2400.03,7.265,98.5,0.66,960.51
1773022219.3207848,65.9,0x80000,2400.04,6.827,94.0,0.66,958.76
1773022219.4880035,65.3,0x80000,2400.03,7.119,90.9,0.66,956.51
1773022219.6593614,64.2,0x80000,2400.02,6.258,53.0,0.66,952.76
1773022219.8327904,65.3,0x80000,2400.03,6.895,92.8,0.66,954.59
1773022219.9936702,64.8,0x80000,2400.03,5.991,93.7,0.66,954.34
1773022220.169256,66.4,0x80000,2400.02,7.011,95.7,0.66,955.07
1773022220.3489425,65.3,0x80000,2400.03,7.114,95.8,0.66,954.57
1773022220.5115821,67.5,0x80000,2400.02,5.517,96.9,0.66,954.32
1773022220.7018697,64.8,0x80000,2400.02,7.351,94.6,0.66,954.32
1773022220.8687365,64.8,0x80000,2400.03,7.134,98.5,0.66,954.32
1773022221.0400581,66.4,0x80000,2300.03,7.146,98.6,0.66,954.32
1773022221.2110279,65.9,0x80000,2400.03,7.248,100.0,0.66,954.32
1773022221.3786652,65.9,0x80000,2400.04,6.891,95.5,0.66,954.32
1773022221.5469024,65.3,0x80000,2400.03,7.104,98.6,0.66,954.32
1773022221.711382,65.3,0x80000,2400.03,7.379,98.5,0.66,954.32
1773022221.878956,65.3,0x80000,2400.04,6.621,98.5,0.66,954.32
1773022222.0375776,65.3,0x80000,2400.03,7.237,100.0,0.66,954.32
1773022222.20022,67.5,0x80000,2400.04,7.001,96.9,0.66,954.32
1773022222.3754637,65.9,0x80000,2400.02,7.323,98.6,0.66,954.32
1773022222.5426574,66.4,0x80000,2400.03,7.258,98.5,0.66,954.32
1773022222.7213159,65.9,0x80000,2400.03,6.517,97.2,0.66,954.32
1773022222.8814356,65.9,0x80000,2400.03,7.153,98.4,0.66,954.32
1773022223.0508468,66.4,0x80000,2400.03,7.004,98.5,0.66,954.32
1773022223.2262335,66.4,0x80000,2400.02,7.574,98.6,0.66,954.32
1773022223.3903322,67.0,0x80000,2400.03,7.409,93.8,0.66,954.32
1773022223.5444543,65.9,0x80000,2400.03,6.785,93.5,0.66,954.07
1773022223.7254703,65.3,0x80000,2400.03,7.016,97.2,0.66,954.14
1773022223.888785,67.0,0x80000,2400.04,5.092,95.3,0.66,954.14
1773022224.0589292,65.9,0x80000,2400.02,7.099,94.3,0.66,954.14
1773022224.2323408,67.5,0x80000,2400.03,7.263,98.6,0.66,954.14
1773022224.394362,66.4,0x80000,2400.04,7.0,96.9,0.66,954.14
1773022224.5629776,67.0,0x80000,2400.03,7.052,97.0,0.66,954.14
1773022224.7297375,67.0,0x80000,2400.02,7.172,98.5,0.66,954.14
1773022224.8955219,65.9,0x80000,2400.02,7.31,97.0,0.66,953.55
1773022225.0588126,67.5,0x80000,2400.02,7.227,93.8,0.66,947.39
1773022225.233486,64.8,0x80000,2400.02,6.086,89.9,0.67,942.64
1773022225.4009187,67.0,0x80000,2400.02,5.38,90.9,0.67,939.77
1773022225.5718155,65.9,0x80000,2400.03,7.547,89.7,0.67,939.25
1773022225.73503,66.4,0x80000,2400.02,6.005,95.3,0.67,939.25
1773022225.90561,65.9,0x80000,2400.04,3.428,85.3,0.67,939.25
1773022226.0717092,66.4,0x80000,2400.03,7.23,78.1,0.67,939.25
1773022226.2468464,67.0,0x80000,2400.02,7.317,95.7,0.67,941.04
1773022226.422929,65.9,0x80000,2400.02,7.192,95.7,0.67,941.04
1773022226.594834,65.3,0x80000,2400.02,6.469,97.0,0.67,941.04
1773022226.74974,66.4,0x80000,2400.03,7.166,96.9,0.67,940.79
1773022226.9111629,67.5,0x80000,2400.03,7.218,98.4,0.67,940.79
1773022227.0820405,66.4,0x80000,2400.03,6.77,98.5,0.67,940.79
1773022227.260067,67.0,0x80000,2400.03,7.31,100.0,0.67,940.79
1773022227.4173236,66.4,0x80000,2400.02,7.074,98.4,0.67,940.79
1773022227.5849867,65.9,0x80000,2400.03,7.24,98.5,0.67,940.79
1773022227.7571814,66.4,0x80000,2400.03,5.106,94.2,0.67,940.79
1773022227.9307122,65.9,0x80000,2400.02,7.402,98.6,0.67,940.79
1773022228.113892,68.1,0x80000,2400.02,7.127,98.6,0.67,940.79
1773022228.2740426,65.3,0x80000,2400.03,6.758,96.8,0.67,940.54
1773022228.4356072,67.0,0x80000,2400.04,7.389,98.4,0.67,940.54
1773022228.5972357,68.1,0x80000,2400.02,6.965,97.0,0.67,940.54
1773022228.7684586,66.4,0x80000,2400.02,7.063,98.5,0.67,940.54
1773022228.9358025,68.1,0x80000,2400.02,6.992,100.0,0.67,940.54
1773022229.1114278,67.0,0x80000,2400.02,7.239,98.6,0.67,940.54
1773022229.286813,66.4,0x80000,2400.03,6.758,97.1,0.67,940.54
1773022229.4490645,67.5,0x80000,2400.02,5.865,98.5,0.67,940.54
1773022229.6250775,67.5,0x80000,2400.03,7.234,100.0,0.67,940.54
1773022229.8058484,67.0,0x80000,2400.03,6.622,98.6,0.67,940.54
1773022229.9815264,67.5,0x80000,2400.03,7.137,98.6,0.67,940.54
1773022230.1504571,67.5,0x80000,2400.02,7.156,95.6,0.67,940.54
1773022230.3245094,67.0,0x80000,2400.03,5.226,98.5,0.67,940.54
1773022230.4881735,67.0,0x80000,2400.03,7.143,98.5,0.67,940.54
1773022230.6486876,67.5,0x80000,2400.03,7.364,98.4,0.67,940.54
1773022230.8117154,68.1,0x80000,2400.02,7.129,98.4,0.67,940.54
1773022230.9859145,67.0,0x80000,2400.03,7.02,95.7,0.67,940.54
1773022231.1551034,67.5,0x80000,2400.03,6.717,98.5,0.67,940.54
1773022231.3096945,67.5,0x80000,2400.03,7.374,98.4,0.67,940.54
1773022231.4726808,67.0,0x80000,2400.03,6.677,98.5,0.67,940.54
1773022231.630222,67.5,0x80000,2300.02,7.091,96.8,0.67,940.54
1773022231.8147228,67.0,0x80000,2400.03,7.278,97.3,0.67,940.54
1773022231.983968,66.4,0x80000,2400.03,7.443,100.0,0.67,940.54
1773022232.1537075,68.1,0x80000,2400.02,7.031,95.7,0.67,940.54
1773022232.3156383,67.0,0x80000,2400.04,7.421,98.5,0.67,940.54
1773022232.4772372,68.6,0x80000,2400.03,7.047,96.9,0.67,940.54
1773022232.6405756,67.5,0x80000,2400.02,4.917,93.7,0.67,940.54
1773022232.8139136,67.0,0x80000,2400.03,7.141,98.6,0.67,940.54
1773022232.9812038,67.5,0x80000,2400.03,6.935,98.5,0.67,940.54
1773022233.1559067,68.6,0x80000,2400.02,7.175,100.0,0.67,940.54
1773022233.338206,68.1,0x80000,2400.03,4.452,95.9,0.67,940.29
1773022233.5041285,68.1,0x80000,2400.04,7.462,97.0,0.67,940.29
1773022233.6679692,69.7,0x80000,2400.03,5.017,96.9,0.67,940.29
1773022233.8415844,67.5,0x80000,2400.03,7.138,98.6,0.67,940.29
1773022234.0126853,67.5,0x80000,2400.03,7.194,98.6,0.67,940.29
1773022234.1759498,67.0,0x80000,2400.02,7.215,96.9,0.67,940.29
1773022234.3435216,68.1,0x80000,2400.02,7.346,98.5,0.67,940.29
1773022234.4989398,68.1,0x80000,2400.03,5.678,98.4,0.67,940.29
1773022234.6721585,68.6,0x80000,2400.04,6.896,97.1,0.67,940.29
1773022234.836605,67.0,0x80000,2400.02,5.336,96.9,0.67,940.29
1773022235.009237,68.1,0x80000,2400.02,7.421,100.0,0.67,940.29
1773022235.1836176,67.5,0x80000,2400.02,6.686,97.1,0.67,940.29
1773022235.3339903,68.1,0x80000,2400.02,7.159,93.4,0.67,940.29
1773022235.4965003,67.5,0x80000,2400.03,6.853,90.5,0.67,940.32
1773022235.6588771,67.5,0x80000,2400.02,6.927,98.4,0.67,940.32
1773022235.8227134,67.0,0x80000,2400.02,6.961,96.9,0.67,940.32
1773022236.0087855,66.4,0x80000,2400.03,7.084,97.3,0.67,940.32
1773022236.1829622,67.0,0x80000,2400.02,7.111,98.6,0.67,940.32
1773022236.3405113,68.1,0x80000,2400.02,6.917,96.8,0.67,940.32
1773022236.5108702,67.5,0x80000,2400.02,7.024,98.5,0.67,940.32
1773022236.6765318,68.1,0x80000,2400.02,6.898,95.5,0.67,940.32
1773022236.851013,67.5,0x80000,2400.03,7.354,97.1,0.67,940.32
1773022237.019008,67.5,0x80000,2400.03,7.213,100.0,0.67,940.32
1773022237.1936646,68.6,0x80000,2400.03,7.106,98.6,0.67,940.07
1773022237.3555834,69.2,0x80000,2400.03,7.273,96.9,0.67,940.07
1773022237.5388308,67.0,0x80000,2400.03,6.822,97.3,0.67,940.07
1773022237.6940026,68.6,0x80000,2400.04,5.941,98.4,0.67,940.07
1773022237.8666644,68.1,0x80000,2400.03,7.352,98.5,0.67,940.07
1773022238.031414,67.0,0x80000,2400.02,6.705,98.5,0.67,940.07
1773022238.19706,67.5,0x80000,2400.02,5.229,95.5,0.67,939.82
1773022238.5080726,68.6,0x80000,2400.03,7.339,78.2,0.67,937.82
1773022238.6747673,68.1,0x80000,2400.03,5.22,97.0,0.67,937.82
1773022238.8465214,67.0,0x80000,2400.03,6.771,97.1,0.67,937.82
1773022239.007382,67.0,0x80000,2400.03,6.556,93.7,0.67,940.86
1773022239.180009,67.0,0x80000,2400.02,7.052,95.7,0.67,940.86
1773022239.3429484,67.0,0x80000,2400.02,7.314,98.4,0.67,941.36
1773022239.5174978,68.1,0x80000,2400.02,7.147,92.9,0.67,941.11
1773022239.688696,68.6,0x80000,2400.02,6.922,97.0,0.68,941.11
1773022239.869909,67.5,0x80000,2400.02,5.223,97.3,0.68,941.11
1773022240.042418,67.0,0x80000,2400.03,7.281,98.6,0.68,941.11
1773022240.2112744,67.5,0x80000,2400.03,7.405,97.0,0.68,941.11
1773022240.3814495,68.1,0x80000,2400.03,7.395,95.6,0.68,941.11
1773022240.5528061,68.1,0x80000,2400.03,7.365,98.6,0.68,941.11
1773022240.7223117,69.2,0x80000,2400.02,5.51,98.5,0.68,941.11
1773022240.8934956,68.6,0x80000,2400.04,7.214,97.1,0.68,941.11
1773022241.061454,67.5,0x80000,2400.04,7.062,100.0,0.68,940.36
1773022241.2333312,68.6,0x80000,2400.02,7.267,91.2,0.68,938.36
1773022241.4039195,68.1,0x80000,2400.02,7.051,97.1,0.68,938.36
1773022241.5682964,67.0,0x80000,2400.03,5.429,97.0,0.68,938.11
1773022241.726316,67.5,0x80000,2400.03,6.542,96.7,0.68,938.61
1773022241.8882556,67.5,0x80000,2400.02,7.065,96.9,0.68,938.61
1773022242.0511184,68.1,0x80000,2400.02,7.484,93.9,0.68,938.61
1773022242.2717023,67.0,0x80000,2400.02,6.294,89.8,0.67,940.2
1773022242.4409115,67.0,0x80000,2400.04,6.932,95.5,0.67,940.2
1773022242.6091526,67.5,0x80000,2400.03,7.378,97.0,0.67,940.2
1773022242.7642865,67.5,0x80000,2400.03,7.325,96.7,0.67,940.2
1773022243.0725074,67.0,0x80000,2400.03,7.073,96.7,0.67,941.94
1773022243.2358377,67.0,0x80000,2400.03,6.743,95.4,0.67,941.94
1773022243.4136965,67.5,0x80000,2400.03,7.25,97.2,0.67,941.94
1773022243.5933259,68.1,0x80000,2400.03,7.287,100.0,0.67,941.69
1773022243.7758644,68.1,0x80000,2400.02,7.285,98.6,0.67,941.69
1773022243.9423072,68.6,0x80000,2400.03,7.363,97.0,0.67,941.69
1773022244.114631,67.5,0x80000,2400.03,7.395,94.2,0.67,941.69
1773022244.270425,67.0,0x80000,2400.03,7.269,98.4,0.67,941.69
1773022244.4366934,68.1,0x80000,2400.04,6.969,97.0,0.67,941.69
1773022244.6036806,67.5,0x80000,2400.02,7.372,98.5,0.67,941.69
1773022244.7815247,68.6,0x80000,2400.02,3.172,94.4,0.67,941.69
1773022244.941829,67.5,0x80000,2400.02,5.551,98.4,0.67,941.69
1773022245.1054347,68.6,0x80000,2400.03,7.209,92.4,0.67,947.14
1773022245.2751825,67.0,0x80000,2400.03,6.239,95.5,0.66,952.05
1773022245.4473286,67.0,0x80000,2400.03,6.528,95.5,0.66,952.05
1773022245.6200676,67.0,0x80000,2400.02,7.397,94.0,0.66,952.05
1773022245.7779589,67.5,0x80000,2400.03,6.567,93.5,0.66,952.05
1773022245.9393506,67.0,0x80000,2400.03,6.806,92.4,0.66,957.21
1773022246.1123302,68.1,0x80000,2400.04,5.112,97.1,0.66,957.21
1773022246.2732718,67.0,0x80000,2400.03,7.423,98.4,0.66,956.96
1773022246.4362373,67.0,0x80000,2400.03,7.378,97.0,0.66,956.96
1773022246.5918312,67.5,0x80000,2400.03,7.106,98.4,0.66,956.96
1773022246.7604105,69.2,0x80000,2400.03,7.273,97.1,0.66,956.96
1773022246.942493,68.6,0x80000,2400.03,7.398,98.6,0.66,956.96
1773022247.1092472,68.1,0x80000,2400.02,7.239,97.0,0.66,956.46
1773022247.2722275,68.1,0x80000,2400.02,7.181,92.3,0.67,955.71
1773022247.4336975,66.4,0x80000,2400.03,6.995,95.2,0.67,955.21
1773022247.5989478,68.1,0x80000,2400.02,4.73,86.4,0.67,954.21
1773022247.7729578,67.5,0x80000,2400.02,7.336,94.1,0.66,954.5
1773022247.9544313,67.5,0x80000,2400.02,6.714,94.4,0.66,954.0
1773022248.1277936,69.2,0x80000,2400.03,6.142,94.0,0.66,954.0
1773022248.2990124,67.5,0x80000,2400.02,5.156,94.0,0.66,953.5
1773022248.4701564,67.0,0x80000,2400.02,7.3,94.1,0.66,953.5
1773022248.6408474,69.2,0x80000,2400.03,5.132,97.1,0.66,953.5
1773022248.8125799,67.5,0x80000,2400.02,5.436,98.5,0.66,953.5
1773022248.9846895,67.5,0x80000,2400.04,7.287,97.1,0.66,953.5
1773022249.1619964,69.2,0x80000,2400.02,7.288,98.6,0.66,953.5
1773022249.3252847,67.5,0x80000,2400.02,7.253,98.5,0.66,953.5
1773022249.500334,68.1,0x80000,2400.03,6.862,98.6,0.66,953.5
1773022249.678801,68.1,0x80000,2400.02,6.893,94.3,0.66,953.5
1773022249.846497,68.6,0x80000,2400.03,6.915,98.6,0.66,953.5
1773022250.0180862,69.2,0x80000,2400.03,7.166,98.5,0.66,953.5
1773022250.18183,68.1,0x80000,2400.04,7.341,98.5,0.66,953.5
1773022250.3535008,69.2,0x80000,2400.03,5.38,100.0,0.66,953.5
1773022250.5263102,69.2,0x80000,2400.03,7.263,95.7,0.66,953.25
1773022250.7047613,69.2,0x80000,2400.02,7.385,98.6,0.66,953.25
1773022250.8770654,68.1,0x80000,2400.03,7.425,98.6,0.66,953.0
1773022251.045792,68.6,0x80000,2400.03,7.274,95.6,0.66,953.0
1773022251.2191246,69.7,0x80000,2400.02,7.345,97.1,0.66,953.0
1773022251.3871543,67.5,0x80000,2400.03,6.892,98.5,0.66,953.0
1773022251.546821,68.6,0x80000,2400.03,5.136,95.2,0.66,953.0
1773022251.715882,69.2,0x80000,2300.02,7.148,97.0,0.66,953.0
1773022251.8890116,68.6,0x80000,2400.02,7.334,98.6,0.66,953.0
1773022252.054416,68.1,0x80000,2400.02,7.288,98.5,0.66,953.0
1773022252.2264078,68.6,0x80000,2400.03,6.904,98.5,0.66,953.0
1773022252.392707,67.5,0x80000,2400.04,7.136,98.5,0.66,953.0
1773022252.5696428,67.5,0x80000,2400.02,7.212,98.6,0.66,953.0
1773022252.7372754,69.7,0x80000,2400.03,7.324,98.5,0.66,953.0
1773022252.9109101,69.2,0x80000,2400.03,7.184,100.0,0.66,953.0
1773022253.0724807,69.2,0x80000,2400.03,6.987,96.9,0.66,953.0
1773022253.235405,68.6,0x80000,2400.03,5.57,98.5,0.66,953.0
1773022253.3981342,68.1,0x80000,2400.03,7.204,98.5,0.67,953.0
1773022253.5568264,68.6,0x80000,2400.03,7.21,96.8,0.67,953.0
1773022253.7295933,68.1,0x80000,2400.02,7.132,98.6,0.67,953.0
1773022253.8982637,69.2,0x80000,2400.02,7.318,98.5,0.67,953.0
1773022254.0630798,68.6,0x80000,2400.02,7.184,98.5,0.67,953.0
1773022254.231366,68.6,0x80000,2400.02,6.99,98.5,0.67,953.0
1773022254.3963714,69.2,0x80000,2400.03,7.112,97.0,0.67,953.0
1773022254.5686326,68.1,0x80000,2400.03,6.096,98.5,0.67,953.0
1773022254.7439363,68.6,0x80000,2400.04,6.013,98.6,0.67,953.0
1773022254.914804,69.2,0x80000,2400.03,6.819,98.5,0.67,951.25
1773022255.0613403,68.1,0x80000,2400.04,7.344,88.1,0.67,949.36
1773022255.2643607,68.6,0x80000,2400.03,6.634,96.3,0.67,949.47
1773022255.4263368,69.7,0x80000,2400.02,6.968,96.9,0.67,949.47
1773022255.5898173,68.1,0x80000,2400.04,7.205,95.4,0.67,947.97
1773022255.7526789,69.7,0x80000,2400.02,6.964,95.5,0.67,947.47
1773022255.928434,68.6,0x80000,2400.03,7.114,98.5,0.67,947.22
1773022256.0934663,68.1,0x80000,2400.02,6.845,95.5,0.66,947.22
1773022256.3285933,67.5,0x80000,2400.03,7.258,95.7,0.66,947.22
1773022256.4792097,68.1,0x80000,2400.03,7.087,96.7,0.67,947.22
1773022256.6451461,67.5,0x80000,2400.02,7.255,95.5,0.67,947.66
1773022256.8157346,69.2,0x80000,2400.03,7.019,95.6,0.66,947.75
1773022256.9856725,67.5,0x80000,2400.02,7.75,95.4,0.66,947.8
1773022257.1704426,68.1,0x80000,2400.02,7.244,96.1,0.66,947.55
1773022257.3490899,69.7,0x80000,2400.03,6.882,98.6,0.66,947.55
1773022257.5179794,68.6,0x80000,2400.02,7.206,98.5,0.66,947.55
1773022257.6708875,68.1,0x80000,2400.04,7.57,98.3,0.66,947.55
1773022257.8387966,69.2,0x80000,2400.02,4.425,95.5,0.66,947.55
1773022258.0051703,69.7,0x80000,2400.02,5.644,100.0,0.66,947.55
1773022258.1733353,68.6,0x80000,2400.03,6.643,98.5,0.66,947.3
1773022258.3446193,68.6,0x80000,2400.03,6.992,97.1,0.66,947.3
1773022258.5088408,69.7,0x80000,2400.03,7.297,98.5,0.66,947.3
1773022258.6734476,68.1,0x80000,2400.03,5.135,97.0,0.66,947.3
1773022258.85228,69.2,0x80000,2400.03,7.103,97.2,0.66,947.05
1773022259.0190647,69.2,0x80000,2400.02,7.308,97.0,0.66,947.05
1773022259.1703446,69.7,0x80000,2400.03,7.218,98.3,0.66,947.05
1773022259.333904,68.1,0x80000,2400.02,7.292,92.4,0.66,947.05
1773022259.4852965,69.2,0x80000,2400.02,6.948,95.0,0.67,946.8
1773022259.6374648,68.6,0x80000,2400.02,7.168,96.6,0.67,946.8
1773022259.801475,68.6,0x80000,2400.02,7.155,98.5,0.67,946.8
1773022259.9733512,69.7,0x80000,2400.04,6.87,98.5,0.67,946.8
1773022260.141244,69.2,0x80000,2400.03,6.974,100.0,0.66,947.11
1773022260.3131647,69.7,0x80000,2400.02,7.406,92.8,0.66,947.35
1773022260.4720027,68.1,0x80000,2400.04,6.689,91.8,0.66,947.35
1773022260.628174,68.1,0x80000,2400.03,6.847,98.4,0.66,947.35
1773022260.8137903,69.7,0x80000,2400.02,7.238,100.0,0.66,947.35
1773022260.9879365,68.6,0x80000,2400.02,7.271,98.6,0.66,947.35
1773022261.1575003,69.2,0x80000,2400.02,5.199,98.5,0.66,947.35
1773022261.331685,68.6,0x80000,2400.03,7.01,95.6,0.66,947.35
1773022261.5011828,68.6,0x80000,2400.02,7.136,98.5,0.66,947.35
1773022261.664778,69.2,0x80000,2400.03,5.995,98.5,0.66,947.35
1773022261.821233,68.6,0x80000,2400.03,6.387,96.8,0.66,947.35
1773022261.9906769,68.6,0x80000,2400.02,7.134,95.7,0.66,947.35
1773022262.1718373,69.2,0x80000,2400.02,7.26,95.8,0.66,947.35
1773022262.3422344,68.6,0x80000,2400.03,7.126,98.5,0.66,947.35
1773022262.5088673,69.2,0x80000,2400.02,5.684,98.5,0.66,947.35
1773022262.6684637,68.1,0x80000,2400.02,7.296,96.9,0.66,947.35
1773022262.8384113,68.6,0x80000,2400.02,6.791,100.0,0.66,947.35
1773022262.9990268,68.6,0x80000,2400.02,7.378,98.5,0.66,947.35
1773022263.173077,69.7,0x80000,2400.03,7.242,98.6,0.66,947.35
1773022263.3403404,68.6,0x80000,2400.02,6.717,98.5,0.66,947.35
1773022263.5064192,69.2,0x80000,2400.02,5.13,94.0,0.66,947.35
1773022263.6741354,68.6,0x80000,2400.03,7.235,97.0,0.66,947.35
1773022263.8559904,69.2,0x80000,2400.02,7.291,97.3,0.66,947.35
1773022264.0287542,68.6,0x80000,2400.02,7.235,98.6,0.66,947.35
1773022264.200898,69.2,0x80000,2400.04,6.683,100.0,0.66,947.1
1773022264.3748872,70.3,0x80000,2400.03,7.172,97.1,0.66,947.1
1773022264.5482252,68.6,0x80000,2400.03,7.283,95.7,0.66,947.1
1773022264.7219412,69.2,0x80000,2400.02,6.845,97.1,0.66,947.1
1773022264.8991153,69.7,0x80000,2400.03,7.231,100.0,0.66,947.1
1773022265.083105,68.1,0x80000,2400.02,7.447,100.0,0.66,947.1
1773022265.2540424,69.7,0x80000,2400.03,7.157,97.1,0.66,947.1
1773022265.4266505,69.2,0x80000,2400.03,7.376,95.7,0.66,947.1
1773022265.580169,69.2,0x80000,2400.02,7.456,98.4,0.66,947.1
1773022265.771846,69.2,0x80000,2400.03,7.238,97.4,0.66,947.1
1773022265.9485192,70.3,0x80000,2400.04,7.358,98.6,0.66,946.85
1773022266.0996506,69.2,0x80000,2400.03,7.319,98.3,0.66,946.6
1773022266.2597282,70.3,0x80000,2400.03,7.434,98.4,0.66,946.6
1773022266.419626,68.6,0x80000,2400.03,7.201,98.4,0.66,946.6
1773022266.586502,69.2,0x80000,2400.02,6.842,97.1,0.66,946.6
1773022266.757739,69.2,0x80000,2400.03,7.099,100.0,0.66,946.6
1773022266.9297192,69.2,0x80000,2400.02,5.524,97.1,0.67,946.6
1773022267.1015506,68.6,0x80000,2400.03,7.059,97.1,0.67,946.6
1773022267.267163,70.3,0x80000,2400.02,6.893,98.5,0.67,946.6
1773022267.4446118,68.1,0x80000,2400.03,6.867,98.6,0.67,946.6
1773022267.620668,68.6,0x80000,2400.03,7.291,98.6,0.67,946.6
1773022267.7850327,69.2,0x80000,2400.02,7.499,93.9,0.67,946.6
1773022267.965067,69.7,0x80000,2400.04,7.17,100.0,0.67,946.6
1773022268.131781,69.2,0x80000,2400.03,7.093,98.5,0.67,946.6
1773022268.3133183,69.7,0x80000,2400.02,7.27,95.9,0.67,946.6
1773022268.4748678,68.6,0x80000,2300.02,7.24,96.9,0.67,946.6
1773022268.6391478,69.7,0x80000,2400.03,6.993,97.0,0.67,946.6
1773022268.7972217,68.6,0x80000,2400.03,7.337,96.8,0.67,946.35
1773022268.9657977,69.7,0x80000,2400.03,7.369,97.0,0.67,946.35
1773022269.12582,69.2,0x80000,2400.04,6.939,96.9,0.67,946.35
1773022269.2953105,70.3,0x80000,2400.03,6.522,98.5,0.67,946.35
1773022269.4757922,69.2,0x80000,2400.02,7.434,94.4,0.67,946.35
1773022269.644941,69.7,0x80000,2400.03,6.967,97.1,0.67,946.35
1773022269.812423,68.6,0x80000,2400.04,7.113,97.0,0.67,946.35
1773022269.9808288,69.2,0x80000,2400.03,7.469,100.0,0.67,946.35
1773022270.1440241,70.3,0x80000,2400.04,7.095,97.0,0.67,946.35
1773022270.3124316,70.3,0x80000,2400.03,7.462,98.5,0.67,946.35
1773022270.4860358,69.2,0x80000,2400.02,7.495,98.5,0.67,946.35
1773022270.655375,70.3,0x80000,2400.03,7.176,98.6,0.67,946.35
1773022270.8269866,68.1,0x80000,2400.02,7.275,100.0,0.67,946.35
1773022270.9939113,68.1,0x80000,2100.02,7.215,97.0,0.67,946.35
1773022271.1809068,70.3,0x80000,2400.02,6.056,96.0,0.67,946.63
1773022271.3589385,68.1,0x80000,2400.03,6.782,97.2,0.66,951.68
1773022271.5293791,69.2,0x80000,2400.03,6.451,92.4,0.66,953.11
1773022271.6893976,69.2,0x80000,2400.02,6.63,96.9,0.66,953.11
1773022271.854695,69.2,0x80000,2400.03,6.541,95.5,0.66,953.11
1773022272.024606,68.6,0x80000,2300.03,7.409,97.1,0.66,953.11
1773022272.1851428,69.2,0x80000,2400.04,7.111,98.4,0.67,953.11
1773022272.3534214,69.2,0x80000,2400.02,7.18,97.0,0.67,953.11
1773022272.5303795,69.2,0x80000,2400.03,6.802,100.0,0.67,953.11
1773022272.6936479,68.6,0x80000,2400.02,5.529,97.0,0.67,953.11
1773022272.8694263,69.7,0x80000,2000.02,7.246,72.9,0.67,952.86
1773022273.0353808,68.6,0x80000,2400.03,7.05,98.5,0.67,952.86
1773022273.2052732,69.2,0x80000,2400.03,7.389,98.5,0.67,952.86
1773022273.3812375,68.6,0x80000,2400.03,7.304,98.6,0.67,952.86
1773022273.551072,69.2,0x80000,2400.04,7.309,100.0,0.67,952.86
1773022273.7134829,69.2,0x80000,2400.02,7.155,98.4,0.67,952.86
1773022273.881773,70.3,0x80000,2400.03,7.196,98.5,0.67,952.86
1773022274.0503392,70.3,0x80000,2400.02,6.867,100.0,0.67,952.86
1773022274.2182176,70.3,0x80000,2400.02,7.409,98.5,0.67,952.86
1773022274.395659,69.2,0x80000,2400.03,6.633,100.0,0.67,952.86
1773022274.54783,68.1,0x80000,2400.02,6.981,85.0,0.67,952.11
1773022274.724471,68.6,0x80000,2400.03,6.991,94.4,0.67,952.11
1773022274.9457436,69.2,0x80000,2400.03,7.016,94.3,0.67,951.61
1773022275.1328444,68.1,0x80000,2400.02,5.955,93.2,0.66,951.61
1773022275.2921493,68.1,0x80000,2400.03,6.777,96.8,0.66,951.36
1773022275.4581943,68.6,0x80000,2400.03,5.137,89.7,0.66,951.36
1773022275.618658,69.2,0x80000,2400.03,7.251,98.4,0.66,950.86
1773022275.7818232,68.1,0x80000,2400.03,6.876,98.5,0.66,950.86
1773022275.9483266,69.2,0x80000,2400.04,7.061,97.0,0.66,950.86
1773022276.1069224,68.1,0x80000,2400.02,6.993,100.0,0.66,950.86
1773022276.275794,69.7,0x80000,2400.02,4.054,95.5,0.66,950.86
1773022276.4445648,68.6,0x80000,2400.03,7.476,98.5,0.66,950.86
1773022276.6247673,69.2,0x80000,2400.02,6.828,97.1,0.66,950.86
1773022276.7877991,68.1,0x80000,2400.03,6.632,100.0,0.66,950.86
1773022276.956278,69.7,0x80000,2400.02,6.926,97.0,0.66,950.86
1773022277.2187915,69.2,0x80000,2400.03,7.372,96.2,0.66,950.86
1773022277.3715174,69.2,0x80000,2400.02,7.266,98.3,0.66,950.86
1773022277.5398512,69.7,0x80000,2400.04,6.657,98.5,0.66,950.86
1773022277.7018585,70.8,0x80000,2400.04,5.126,98.4,0.66,950.86
1773022277.8682678,68.1,0x80000,2400.02,7.144,95.5,0.66,950.86
1773022278.02353,69.2,0x80000,2400.04,7.315,96.7,0.66,950.86
1773022278.1972783,70.3,0x80000,2400.02,7.16,98.6,0.67,950.61
1773022278.3706114,69.2,0x80000,2400.03,6.869,98.6,0.67,950.61
1773022278.5417774,70.8,0x80000,2400.03,7.124,98.5,0.67,950.61
1773022278.7118666,69.7,0x80000,2400.04,5.642,97.0,0.67,950.61
1773022278.8777843,69.2,0x80000,2400.04,7.417,97.0,0.67,950.61
1773022279.0426557,69.2,0x80000,2400.03,7.237,100.0,0.67,950.36
1773022279.2142127,69.7,0x80000,2400.03,7.183,98.5,0.67,950.36
1773022279.386072,69.2,0x80000,2400.02,7.247,98.6,0.67,950.36
1773022279.5410109,69.7,0x80000,2400.02,6.183,93.7,0.67,950.36
1773022279.7095807,69.2,0x80000,2400.03,5.857,98.5,0.67,950.36
1773022279.874,69.7,0x80000,2400.03,7.185,98.5,0.67,949.61
1773022280.044442,69.2,0x80000,2400.02,6.642,98.6,0.67,948.11
1773022280.20665,69.2,0x80000,2400.02,7.365,98.5,0.67,948.11
1773022280.3699417,69.7,0x80000,2400.04,7.097,98.4,0.67,948.11
1773022280.539246,69.2,0x80000,2400.03,7.338,98.6,0.67,948.11
1773022280.7051613,69.2,0x80000,2400.03,7.162,98.5,0.67,948.11
1773022280.8631077,69.2,0x80000,2400.03,7.19,98.4,0.67,948.11
1773022281.0219936,68.6,0x80000,2400.02,7.408,98.4,0.67,948.11
1773022281.2016451,68.6,0x80000,2400.02,7.207,95.8,0.67,948.11
1773022281.3757691,70.3,0x80000,2400.02,7.388,100.0,0.67,948.11
1773022281.5473561,69.7,0x80000,2400.03,7.459,98.6,0.67,948.11
1773022281.7207124,69.2,0x80000,2400.03,7.238,98.6,0.67,948.11
1773022281.8899784,69.7,0x80000,2400.02,4.659,97.1,0.67,948.11
1773022282.0695643,69.7,0x80000,2400.02,7.212,100.0,0.67,948.11
1773022282.2227235,69.7,0x80000,2400.03,7.012,96.8,0.67,948.11
1773022282.3800125,69.7,0x80000,2300.03,7.148,96.8,0.67,948.11
1773022282.553976,69.7,0x80000,2400.02,7.383,98.6,0.67,948.11
1773022282.7357476,69.2,0x80000,2400.02,7.114,97.2,0.67,948.11
1773022282.896532,69.2,0x80000,2400.03,7.045,93.8,0.67,948.11
1773022283.055086,69.7,0x80000,2400.03,5.253,93.5,0.66,947.86
1773022283.2099655,69.2,0x80000,2400.02,6.918,95.2,0.66,947.86
1773022283.3732312,69.2,0x80000,2400.03,7.042,96.8,0.66,947.86
1773022283.6262462,68.6,0x80000,2400.03,7.01,95.0,0.66,947.86
1773022283.7772388,68.1,0x80000,2400.03,7.11,95.0,0.66,947.86
1773022283.9302409,67.5,0x80000,2400.03,7.543,95.2,0.66,948.03
1773022284.0976267,70.3,0x80000,2400.02,7.163,96.9,0.66,948.03
1773022284.2714622,69.7,0x80000,2400.02,7.324,97.1,0.66,948.03
1773022284.442233,69.7,0x80000,2400.03,5.493,97.1,0.66,948.03
1773022284.6054552,68.6,0x80000,2400.04,7.012,95.3,0.66,948.03
1773022284.7782269,69.2,0x80000,2400.03,7.167,98.6,0.66,948.03
1773022284.9410205,69.2,0x80000,2400.03,7.374,98.4,0.66,948.03
1773022285.1058195,69.2,0x80000,2400.02,7.158,98.5,0.66,948.03
1773022285.2892103,69.7,0x80000,2400.04,7.333,98.6,0.66,948.03
1773022285.4688923,69.2,0x80000,2400.03,7.588,100.0,0.66,948.03
1773022285.638738,69.2,0x80000,2400.02,7.191,94.0,0.66,948.03
1773022285.795516,69.2,0x80000,2400.03,7.361,98.4,0.66,948.03
1773022285.965454,69.7,0x80000,2400.02,7.633,98.6,0.66,948.03
1773022286.1379027,69.7,0x80000,2400.03,7.677,98.6,0.66,948.03
1773022286.3058126,69.2,0x80000,2400.02,7.518,98.5,0.66,948.03
1773022286.4588628,69.2,0x80000,2400.03,7.406,95.0,0.66,948.03
1773022286.6309514,69.7,0x80000,2400.03,6.667,98.6,0.66,948.03
1773022286.7984848,70.8,0x80000,2400.03,7.434,97.0,0.66,948.03
1773022286.9564714,69.7,0x80000,2300.03,7.386,98.4,0.66,948.03
1773022287.1220748,69.7,0x80000,2400.02,7.271,97.0,0.66,948.03
1773022287.2814882,70.8,0x80000,2400.03,7.271,98.4,0.66,948.03
1773022287.4434526,69.7,0x80000,2400.03,6.553,100.0,0.66,948.03
1773022287.62162,70.3,0x80000,2400.02,7.326,98.6,0.66,948.03
1773022287.7918582,70.3,0x80000,2400.03,7.23,95.6,0.66,948.03
1773022287.9620876,70.3,0x80000,2400.04,7.264,98.6,0.66,948.03
1773022288.132853,70.8,0x80000,2400.03,7.463,95.5,0.66,948.03
1773022288.3134253,69.2,0x80000,2400.03,6.756,98.6,0.66,947.78
1773022288.4974816,69.2,0x80000,2400.03,6.608,97.3,0.67,947.78
1773022288.6625185,70.8,0x80000,2400.03,5.216,97.0,0.67,947.78
1773022288.826559,69.2,0x80000,2400.03,7.357,98.4,0.67,947.78
1773022288.9915051,68.1,0x80000,2400.03,7.339,100.0,0.67,947.78
1773022289.1495323,69.7,0x80000,2400.03,6.654,96.8,0.67,947.78
1773022289.32171,69.2,0x80000,2400.02,6.503,94.0,0.67,947.78
1773022289.4791727,69.7,0x80000,2400.03,7.435,98.5,0.67,947.78
1773022289.6457758,68.1,0x80000,2400.02,7.222,95.3,0.67,947.78
1773022289.8088229,70.8,0x80000,2400.03,7.286,95.5,0.67,947.78
1773022289.9706488,69.7,0x80000,2400.02,7.291,96.9,0.67,947.78
1773022290.1377146,70.3,0x80000,2400.03,5.146,98.5,0.67,947.78
1773022290.2968848,68.6,0x80000,2400.03,6.618,98.5,0.67,947.78
1773022290.4572573,69.2,0x80000,2400.02,7.358,96.9,0.67,947.78
1773022290.625832,69.2,0x80000,2400.02,7.433,95.5,0.67,947.78
1773022290.7954004,69.2,0x80000,2400.03,5.511,97.0,0.67,947.78
1773022290.9716156,70.8,0x80000,2400.03,6.997,98.6,0.67,947.78
1773022291.1423557,70.3,0x80000,2400.03,7.088,100.0,0.67,947.78
1773022291.3256886,69.2,0x80000,2400.02,3.279,96.0,0.67,947.78
1773022291.4922736,71.4,0x80000,2400.02,6.905,97.0,0.67,947.78
1773022291.6578116,68.6,0x80000,2400.03,7.246,97.0,0.67,947.78
1773022291.8262293,71.4,0x80000,2400.03,7.145,98.5,0.67,947.78
1773022291.9912238,69.7,0x80000,2400.03,7.055,97.0,0.67,947.78
1773022292.1663983,69.7,0x80000,2400.02,7.249,97.1,0.67,947.78
1773022292.340087,70.8,0x80000,2400.04,6.889,98.6,0.67,947.78
1773022292.5121896,70.3,0x80000,2400.03,6.945,97.1,0.67,947.78
1773022292.671965,69.7,0x80000,2400.02,6.953,96.9,0.67,947.78
1773022292.845668,70.8,0x80000,2400.03,7.064,98.5,0.67,947.78
1773022293.0187507,69.2,0x80000,2400.03,7.396,98.6,0.67,947.78
1773022293.1948192,70.8,0x80000,2400.03,7.169,97.1,0.67,947.53
1773022293.350388,70.8,0x80000,2400.04,7.181,100.0,0.67,947.28
1773022293.5256014,68.6,0x80000,2400.02,6.729,98.6,0.67,947.28
1773022293.6938753,71.9,0x80000,2400.03,7.173,97.1,0.67,947.28
1773022293.8560643,69.7,0x80000,2400.03,7.275,93.7,0.67,947.28
1773022294.023978,69.2,0x80000,2400.03,6.925,98.5,0.67,947.28
1773022294.1831877,69.7,0x80000,2400.03,7.011,98.4,0.67,947.28
1773022294.3580542,69.7,0x80000,2400.03,7.076,97.1,0.67,947.28
1773022294.5347366,69.2,0x80000,2400.02,7.428,100.0,0.67,947.03
1773022294.7072957,69.2,0x80000,2400.03,6.982,94.2,0.67,947.03
1773022294.899785,69.7,0x80000,2400.04,6.723,96.1,0.66,950.38
1773022295.0552938,69.2,0x80000,2400.02,7.468,90.3,0.66,951.28
1773022295.2212908,70.3,0x80000,2400.04,7.143,98.5,0.66,951.03
1773022295.3964689,69.2,0x80000,2400.03,7.134,98.6,0.66,951.03
1773022295.5513992,70.3,0x80000,2400.03,6.792,95.1,0.66,950.53
1773022295.7161613,70.3,0x80000,2400.02,7.407,98.4,0.66,950.53
1773022295.8835113,69.2,0x80000,2400.03,7.541,98.5,0.66,950.53
1773022296.0466588,70.3,0x80000,2400.03,6.873,95.4,0.67,949.53
1773022296.2015753,70.8,0x80000,2400.03,5.917,91.9,0.66,949.28
1773022296.3642797,69.7,0x80000,2400.02,7.417,98.4,0.66,949.28
1773022296.5216725,68.6,0x80000,2400.02,7.215,92.2,0.66,949.28
1773022296.7094884,70.3,0x80000,2400.02,7.154,100.0,0.66,949.28
1773022296.8830545,70.3,0x80000,2400.03,5.426,97.1,0.66,949.28
1773022297.048386,70.8,0x80000,2400.03,7.608,98.5,0.66,949.03
1773022297.2159765,69.2,0x80000,2400.03,7.112,98.5,0.66,949.03
1773022297.3980136,70.8,0x80000,2400.03,7.396,95.8,0.66,949.03
1773022297.5494046,69.2,0x80000,2400.03,7.66,98.4,0.66,949.03
1773022297.7214906,69.7,0x80000,2400.02,6.655,98.6,0.66,949.03
1773022297.8996947,69.2,0x80000,2400.02,7.111,100.0,0.66,949.03
1773022298.0778472,69.7,0x80000,2100.01,7.403,97.2,0.66,949.03
1773022298.2455082,70.3,0x80000,2400.03,7.302,97.0,0.66,948.78
1773022298.4206107,70.8,0x80000,2400.04,7.379,98.6,0.66,948.78
1773022298.5990396,70.8,0x80000,2400.02,5.147,98.6,0.66,948.78
1773022298.7592845,70.3,0x80000,2400.04,6.976,96.9,0.66,948.78
1773022298.927436,70.8,0x80000,2400.03,7.452,92.6,0.67,948.78
1773022299.1003978,69.2,0x80000,2400.02,6.985,98.6,0.67,948.78
1773022299.2691686,70.8,0x80000,2400.03,7.323,98.5,0.67,948.78
1773022299.446891,69.7,0x80000,2400.04,6.552,98.6,0.67,948.78
1773022299.614131,69.2,0x80000,2400.02,7.201,98.5,0.67,948.78
1773022299.7897801,69.7,0x80000,2400.03,7.219,94.1,0.66,948.78
1773022299.9593077,69.7,0x80000,2400.02,5.356,98.6,0.66,948.78
1773022300.1211345,69.7,0x80000,2400.02,7.573,100.0,0.66,948.78
1773022300.279923,69.7,0x80000,2400.02,7.391,98.4,0.66,948.78
1773022300.450407,69.7,0x80000,2400.03,5.447,98.5,0.66,948.78
1773022300.618414,69.7,0x80000,2400.02,5.21,97.0,0.66,948.78
1773022300.7917726,69.7,0x80000,2400.03,7.3,97.1,0.66,948.78
1773022300.9572878,69.7,0x80000,2400.02,7.117,100.0,0.66,948.78
1773022301.124257,70.8,0x80000,2400.02,7.529,95.5,0.67,948.78
1773022301.326823,69.2,0x80000,2400.03,7.274,93.9,0.67,948.35
